10:30	衣柜里的猫	82	曾英庭	剧情片	2017/6/17	06厅	上海百丽宫影城（环贸iapm店）
13:30	梅纳什	83	约书亚・温斯坦	剧情片	2017/6/17	06厅	上海百丽宫影城（环贸iapm店）
15:45	我是布莱克	100	肯・洛奇	剧情片	2017/6/17	06厅	上海百丽宫影城（环贸iapm店）
18:30	血浓于罪	100	亚当・史密斯	剧情片	2017/6/17	06厅	上海百丽宫影城（环贸iapm店）
20:45	沉默37人	82	普克・格拉斯特恩	剧情片	2017/6/17	06厅	上海百丽宫影城（环贸iapm店）
8:30	曼哈顿 （4K）	97	伍迪・艾伦	剧情片	2017/6/17	01厅	上海大光明电影院
10:30	空白的13年	71	斋藤工	剧情片	2017/6/17	01厅	上海大光明电影院
13:30	愚行录	120	石川庆	剧情片	2017/6/17	01厅	上海大光明电影院
15:45	人生密密缝	128	荻上直子	剧情片	2017/6/17	01厅	上海大光明电影院
10:30	奇怪的袜子精灵	86	加利纳・米克利诺瓦	动画片	2017/6/17	02厅	上海大光明电影院
13:30	最后的呼吸	73	安娜贝尔・罗耀拉	纪录片	2017/6/17	02厅	上海大光明电影院
15:45	奇迹	128	成龙	剧情片	2017/6/17	02厅	上海大光明电影院
18:30	拯救萨莉	94	艾维德・莱恩戈恩	动画片	2017/6/17	02厅	上海大光明电影院
20:45	世界顶级牌术师	86	卢克・科勒姆	纪录片	2017/6/17	02厅	上海大光明电影院
13:30	周日皇后	95	贝比・茹丝・维拉拉玛	纪录片	2017/6/17	03厅	上海大光明电影院
15:45	小学生	106	埃莱娜・安吉尔	剧情片	2017/6/17	03厅	上海大光明电影院
18:30	蓝	75	德里克・贾曼	剧情片	2017/6/17	03厅	上海大光明电影院
20:45	兰在 1974	82	S.J. 奇罗	剧情片	2017/6/17	03厅	上海大光明电影院
10:30	最后的踢踏舞	133	水谷丰	剧情片	2017/6/17	Luxe厅	上海百老汇影城（宝龙店）
13:30	生存家族	117	矢口史靖	剧情片	2017/6/17	Luxe厅	上海百老汇影城（宝龙店）
15:45	与歌同行	136	詹姆斯・曼高德	剧情片	2017/6/17	Luxe厅	上海百老汇影城（宝龙店）
18:30	含羞草	93	奥利维尔・拉克谢	剧情片	2017/6/17	Luxe厅	上海百老汇影城（宝龙店）
20:45	曼谷之夜	183	富田克也	剧情片	2017/6/17	Luxe厅	上海百老汇影城（宝龙店）
13:30	东京风之交响乐团	75	坂下雄一郎	剧情片	2017/6/17	01厅	SFC上影影城（美罗城店）
15:45	平衡	84	霍普・迪克森・利奇	剧情片	2017/6/17	01厅	SFC上影影城（美罗城店）
18:30	我父亲的踪迹	92	马可・塞加托	剧情片	2017/6/17	01厅	SFC上影影城（美罗城店）
20:45	纪念	91	巴沃・德弗恩	剧情片	2017/6/17	01厅	SFC上影影城（美罗城店）
8:30	东京偶像	88	三宅响子	纪录片	2017/6/17	01厅	SFC上海影城
10:30	金刚狼3：殊死一战（黑白版）	123	詹姆斯・曼高德	剧情片	2017/6/17	01厅	SFC上海影城
13:30	勇敢的心	178	梅尔・吉布森	剧情片	2017/6/17	01厅	SFC上海影城
18:30	帝一之国	118	永井聪	剧情片	2017/6/17	01厅	SFC上海影城
20:45	3月的狮子 前篇	138	大友启史	剧情片	2017/6/17	01厅	SFC上海影城
8:30	瑞士军刀男	97	丹・关#丹尼尔・施纳特	剧情片	2017/6/17	02厅	SFC上海影城
10:30	黑客帝国	137	拉娜・沃卓斯基#莉莉・沃卓斯基	剧情片	2017/6/17	02厅	SFC上海影城
13:00	黑客帝国2：重装上阵	138	莉莉・沃卓斯基#拉娜・沃卓斯基	剧情片	2017/6/17	02厅	SFC上海影城
15:45	黑客帝国3：矩阵革命	129	拉娜・沃卓斯基#莉莉・沃卓斯基	剧情片	2017/6/17	02厅	SFC上海影城
18:30	看不见的客人	106	奥利奥尔・保罗	剧情片	2017/6/17	02厅	SFC上海影城
20:45	尘土	125	米尔科・曼彻夫斯基	剧情片	2017/6/17	02厅	SFC上海影城
8:30	三生计	99	弗里茨・朗	剧情片	2017/6/17	03厅	SFC上海影城
10:30	赫马・赫马：我等待你为我唱的那首歌	96	钦哲诺布	剧情片	2017/6/17	03厅	SFC上海影城
13:30	战舰波将金号	69	谢尔盖・爱森斯坦	剧情片	2017/6/17	03厅	SFC上海影城
15:45	大黎明	100	让-皮埃尔・梅尔维尔	剧情片	2017/6/17	03厅	SFC上海影城
18:30	索多玛120天的幕后事	113	戴维・格里科	剧情片	2017/6/17	03厅	SFC上海影城
20:45	暗房秘密	132	黑泽清	剧情片	2017/6/17	03厅	SFC上海影城
10:30	阿唐奇遇 （3D）	100	王微	动画片	2017/6/17	07厅	SFC上海影城
13:30	三少爷的剑 （3D）	109	尔冬升	动作片	2017/6/17	07厅	SFC上海影城
15:45	非凡任务	123	潘耀明#麦兆辉	动作片	2017/6/17	07厅	SFC上海影城
18:30	拆弹专家	119	邱礼涛	动作片	2017/6/17	07厅	SFC上海影城
20:45	湄公河行动	125	林超贤	动作片	2017/6/17	07厅	SFC上海影城
10:30	维洛妮卡?佛斯	104	赖纳・维尔纳・法斯宾德	剧情片	2017/6/17	07厅	SFC上影影城（永华店）
13:30	秘密手稿	109	吉姆・谢里丹	剧情片	2017/6/17	07厅	SFC上影影城（永华店）
15:45	神秘之旅	92	卡玛勒・班塞尔	动画片	2017/6/17	07厅	SFC上影影城（永华店）
18:30	疟疾	90	帕维兹・沙巴兹	剧情片	2017/6/17	07厅	SFC上影影城（永华店）
20:45	悍女	149	马丁・库尔霍文	剧情片	2017/6/17	07厅	SFC上影影城（永华店）
13:30	猫忍	96	渡边武	剧情片	2017/6/17	01厅	曹杨影城
15:45	圣之青春	124	森义隆	剧情片	2017/6/17	01厅	曹杨影城
18:30	月光男孩	111	巴里・詹金斯	剧情片	2017/6/17	01厅	曹杨影城
20:45	双峰镇：与火同行 （4K）	134	大卫・林奇	剧情片	2017/6/17	01厅	曹杨影城
13:30	22年的自白：我是杀人犯	117	入江悠	剧情片	2017/6/17	01厅	SFC上影影城（新衡山店）
15:45	会计刺客	128	加文・欧康诺	动作片	2017/6/17	01厅	SFC上影影城（新衡山店）
18:30	正午	85	弗雷德・金尼曼	剧情片	2017/6/17	01厅	SFC上影影城（新衡山店）
20:45	赴汤蹈火	102	大卫・马肯兹	剧情片	2017/6/17	01厅	SFC上影影城（新衡山店）
22:45	午夜凶铃	96	中田秀夫	剧情片	2017/6/17	01厅	SFC上影影城（新衡山店）
10:30	盗信情缘	110	萨布	剧情片	2017/6/17	01厅	上海星光影城（亚新旗舰店）
13:30	昼行闪耀的流星	119	新城毅彦	剧情片	2017/6/17	01厅	上海星光影城（亚新旗舰店）
15:45	普罗米修斯	123	雷德利・斯科特	剧情片	2017/6/17	01厅	上海星光影城（亚新旗舰店）
18:30	疾风回旋曲	109	吉田照幸	剧情片	2017/6/17	01厅	上海星光影城（亚新旗舰店）
20:45	橡皮头 （4K）	90	大卫・林奇	剧情片	2017/6/17	01厅	上海星光影城（亚新旗舰店）
15:45	夫妻财产	101	乔克姆・拉弗塞	剧情片	2017/6/17	06厅	上影虹桥临空国际影城
18:30	故障状况	111	克特林・萨伊泽斯库	剧情片	2017/6/17	06厅	上影虹桥临空国际影城
15:45	大创业家	116	约翰・李・汉考克	剧情片	2017/6/17	07厅	上影虹桥临空国际影城
20:45	母亲的手	106	弗罗里安・伊辛格	剧情片	2017/6/17	07厅	上影虹桥临空国际影城
13:30	秘密特工（3D）	83	罗德里戈・艾巴#塞莉亚・卡通达#基戈・米斯特罗里戈	动画片	2017/6/17	01厅	四平电影院
15:45	隐藏人物	127	特奥多尔・梅尔菲	剧情片	2017/6/17	01厅	四平电影院
18:30	尘埃	120	高兹德・库拉尔	剧情片	2017/6/17	01厅	四平电影院
20:45	玛丽亚	97	纳利・雷格拉	剧情片	2017/6/17	01厅	四平电影院
8:30	爱，别，夏威夷	93	松村真吾	剧情片	2017/6/17	02厅	SFC上影影城（八佰伴店）
10:30	藩篱	139	丹泽尔・华盛顿	剧情片	2017/6/17	02厅	SFC上影影城（八佰伴店）
13:30	完美陌生人	97	保罗・格诺维瑟	剧情片	2017/6/17	02厅	SFC上影影城（八佰伴店）
15:45	英雄复英雄	122	宾・邦劳赖特#谭力・截禄冠	动作片	2017/6/17	02厅	SFC上影影城（八佰伴店）
18:30	军中信	105	巴里斯・克勒姆谢利奥卢	剧情片	2017/6/17	02厅	SFC上影影城（八佰伴店）
20:45	周末	104	让-吕克?戈达尔	剧情片	2017/6/17	02厅	SFC上影影城（八佰伴店）
13:30	努巴的心	86	肯尼斯・A・卡尔森	纪录片	2017/6/17	01厅	光影车间・静安店
18:30	生活，动画	92	罗杰・罗斯・威廉姆斯	纪录片	2017/6/17	01厅	光影车间・静安店
18:30	A计划	106	成龙#洪金宝	剧情片	2017/6/17	01厅	环球国际影城（崇明店）
13:30	本能寺酒店	119	铃木雅之	剧情片	2017/6/17	01厅	上海百丽宫影城（ifc商场店）
15:45	偷车贼	103	达伦・柯蒂斯	剧情片	2017/6/17	01厅	上海百丽宫影城（ifc商场店）
18:30	初恋这首情歌	106	约翰・卡尼	剧情片	2017/6/17	01厅	上海百丽宫影城（ifc商场店）
20:45	假装者	102	瓦罗・图姆拉	剧情片	2017/6/17	01厅	上海百丽宫影城（ifc商场店）
10:30	临渊而立	120	深田晃司	剧情片	2017/6/17	观众厅	上海美琪大戏院
13:30	宣告黎明的露之歌	112	汤浅政明	动画片	2017/6/17	观众厅	上海美琪大戏院
15:45	萧何月下追韩信	93	滕俊杰#齐宝玉#李春城	剧情片	2017/6/17	观众厅	上海美琪大戏院
18:30	雌雄大盗	111	阿瑟・佩恩	剧情片	2017/6/17	观众厅	上海美琪大戏院
20:45	昼颜	125	西谷弘	剧情片	2017/6/17	观众厅	上海美琪大戏院
15:45	红粉惊魂	136	安鲁达・罗伊・乔杜	剧情片	2017/6/17	05厅	保利国际影城上海世博店
18:30	百日孤独	96	克里斯蒂安・帕斯夸列	剧情片	2017/6/17	05厅	保利国际影城上海世博店
20:45	母亲们	130	米尔科・曼彻夫斯基	剧情片	2017/6/17	05厅	保利国际影城上海世博店
15:45	雪峰神爸	150	阿贾耶・德乌干	动作片	2017/6/17	07厅	AMG海上国际影城环球港店
18:30	声音猎人	89	丹尼兹・辛纳	剧情片	2017/6/17	07厅	AMG海上国际影城环球港店
20:45	哈尔姆斯	96	伊万・布洛茨尼科夫	剧情片	2017/6/17	07厅	AMG海上国际影城环球港店
15:45	双胞胎猴子	108	努塔昆・沙韦苏克	剧情片	2017/6/17	01厅	上海市沪北电影院
18:30	小美人鱼	83	罗恩・克莱蒙兹#约翰・马斯克	动画片	2017/6/17	01厅	上海市沪北电影院
20:45	屏住呼吸	88	费德・阿尔瓦雷兹	剧情片	2017/6/17	01厅	上海市沪北电影院
18:30	危机72小时	103	亚历山大・卡萨特金	剧情片	2017/6/17	06厅	上海世纪友谊影城
20:45	大开眼界	103	穆里尔・考林#戴菲琳・考林	剧情片	2017/6/17	06厅	上海世纪友谊影城
13:30	婚事	95	斯蒂芬・斯特雷克	剧情片	2017/6/17	01厅	百美汇影城
15:45	恶魔蛙男	132	大友启史	剧情片	2017/6/17	01厅	百美汇影城
18:30	“感恩而死”的漫长旅程	242	埃米尔・巴尔-列维	纪录片	2017/6/17	01厅	百美汇影城
13:30	秘密决定	96	奥利维尔・阿塞林	剧情片	2017/6/17	10厅	上海宝山万达影城
15:45	22年的自白：我是杀人犯	117	入江悠	剧情片	2017/6/17	10厅	上海宝山万达影城
18:30	移民	99	阿曼・T・里亚希	剧情片	2017/6/17	10厅	上海宝山万达影城
20:45	墙里的声音	95	艾瑞克・D・豪威尔	剧情片	2017/6/17	10厅	上海宝山万达影城
15:45	卡农	124	杂贺俊朗	剧情片	2017/6/17	06厅	上海兰生典尚影院
18:30	布里斯比熊	98	戴夫・麦卡里	剧情片	2017/6/17	06厅	上海兰生典尚影院
13:30	德州之心	104	大卫・马克	剧情片	2017/6/17	02厅	SFC上影影城（金桥太茂店）
15:45	莫逆之交	91	克谢尼娅・巴斯卡科夫	剧情片	2017/6/17	02厅	SFC上影影城（金桥太茂店）
18:30	声音猎人	89	丹尼兹・辛纳	剧情片	2017/6/17	02厅	SFC上影影城（金桥太茂店）
20:45	我罩袍下的口红	118	阿兰克里塔・什里瓦斯	剧情片	2017/6/17	02厅	SFC上影影城（金桥太茂店）
18:30	亲吻与哭泣	94	肖恩・西斯特纳	剧情片	2017/6/17	02厅	上海开元地中海影城
20:45	二胎风波	92	穆赫辛・阿卜杜瓦布	剧情片	2017/6/17	02厅	上海开元地中海影城
15:45	春&夏事件簿	119	市井昌秀	剧情片	2017/6/17	07厅	卢米埃上海紫荆影城
18:30	独眼王	86	马克・格雷休特	剧情片	2017/6/17	07厅	卢米埃上海紫荆影城
13:30	监狱学警	96	巫俊锋	剧情片	2017/6/17	01厅	上海百丽宫影城（协信店）
15:45	阿尔及尔之战 （4K）	121	吉洛・彭特克沃	剧情片	2017/6/17	01厅	上海百丽宫影城（协信店）
18:30	妄想的影帝	83	史蒂芬・库克森	剧情片	2017/6/17	01厅	上海百丽宫影城（协信店）
20:45	周末夜狂热（4K）	119	约翰・班德汉姆	剧情片	2017/6/17	01厅	上海百丽宫影城（协信店）
10:30	海边的生与死	154	越川道夫	剧情片	2017/6/17	剧院厅	天山电影院-虹桥艺术中心旗舰店
13:30	盗火线 （4K）	170	迈克尔・曼	剧情片	2017/6/17	剧院厅	天山电影院-虹桥艺术中心旗舰店
18:30	异形	116	雷德利・斯科特	剧情片	2017/6/17	剧院厅	天山电影院-虹桥艺术中心旗舰店
20:45	异形2	138	詹姆斯・卡梅隆	剧情片	2017/6/17	剧院厅	天山电影院-虹桥艺术中心旗舰店
15:45	午睡公主	112	神山健治	动画片	2017/6/17	04厅	天山电影院-虹桥艺术中心旗舰店
18:30	1000小时的夜晚	93	维吉尔・维德里希	剧情片	2017/6/17	04厅	天山电影院-虹桥艺术中心旗舰店
20:45	残酷青春	103	瓦尔丹・托兹加	剧情片	2017/6/17	04厅	天山电影院-虹桥艺术中心旗舰店
18:30	抱得美人归	101	罗伯特・卡夫利	剧情片	2017/6/17	03厅	星光映会影城（上海体育场店）
13:30	早安秀	104	君V良一	剧情片	2017/6/17	02厅	朵云轩杜比全景声影城
15:45	杰出公民	118	加斯顿・杜普拉特#马里亚诺・寇恩	剧情片	2017/6/17	02厅	朵云轩杜比全景声影城
18:30	失控的生活	103	纳维德・达内施	剧情片	2017/6/17	02厅	朵云轩杜比全景声影城
20:45	黑桃女王	120	帕维・龙根	剧情片	2017/6/17	02厅	朵云轩杜比全景声影城
18:30	无名女孩	107	让-皮埃尔・达内#吕克・达内	剧情片	2017/6/17	04厅	星美正大影城
20:45	生在幼子	128	三岛有纪子	剧情片	2017/6/17	04厅	星美正大影城
13:30	穿普拉达的女王	110	大卫・弗兰科尔	剧情片	2017/6/17	05厅	SFC上影影城（百联又一城店）
15:45	一位著名的病人	101	朱利斯・舍夫契克	剧情片	2017/6/17	05厅	SFC上影影城（百联又一城店）
18:30	欢迎来到德国	117	西蒙・范霍文	剧情片	2017/6/17	05厅	SFC上影影城（百联又一城店）
20:45	斯科普里的解放	111	拉德・舍博德兹加#达尼洛・舍博德兹加	剧情片	2017/6/17	05厅	SFC上影影城（百联又一城店）
18:30	哈吉布基的森林冒险	76	拉斯姆斯・A・西韦特	动画片	2017/6/17	06厅	青浦大光明新国际影院
20:45	加利和拉特纳	112	卢奇・库斯旺帝	剧情片	2017/6/17	06厅	青浦大光明新国际影院
13:30	克罗地亚宪法	94	莱柯・格尔利奇	剧情片	2017/6/17	01厅	大上海电影院
15:45	风波再起	115	丹尼尔・迪马克	剧情片	2017/6/17	01厅	大上海电影院
18:30	小熊维尼	63	唐・霍尔#斯蒂芬・J・安德森	动画片	2017/6/17	01厅	大上海电影院
20:45	宝拉	123	克利斯蒂安・施沃乔	剧情片	2017/6/17	01厅	大上海电影院
15:45	从曼谷到曼德勒	122	察拆・盖纳斯	剧情片	2017/6/17	02厅	国泰电影院
20:45	接吻吗？	77	雅尼斯・珂诺诗	剧情片	2017/6/17	02厅	国泰电影院
18:30	伤痕累累的恶魔	98	山岸圣太	剧情片	2017/6/17	04厅	AMG海上明珠国际影城（莘庄店）
20:45	阿德尔曼夫妇	121	尼古拉斯・贝多斯	剧情片	2017/6/17	04厅	AMG海上明珠国际影城（莘庄店）
13:30	狮子王 （3D）	89	罗杰・阿勒斯#罗伯・明科夫	动画片	2017/6/17	03厅	嘉定影剧院
15:45	伦敦一家人	95	罗杰・梅因伍德	动画片	2017/6/17	03厅	嘉定影剧院
18:30					2017/6/17	03厅	嘉定影剧院
20:45	童使	112	清水崇	剧情片	2017/6/17	03厅	嘉定影剧院
13:30	无法释怀	95	米格尔・安赫尔・罗卡	剧情片	2017/6/17	05厅	华士达影城（徐汇店）
15:45	伤心先生	129	伊缇萨・厄桑通瓦塔纳	剧情片	2017/6/17	05厅	华士达影城（徐汇店）
18:30	只是查理	100	里贝卡・福琼	剧情片	2017/6/17	05厅	华士达影城（徐汇店）
20:45	有些怪胎	97	伊恩・麦卡利斯特・麦克唐纳	剧情片	2017/6/17	05厅	华士达影城（徐汇店）
15:45	二胎风波	92	穆赫辛・阿卜杜瓦布	剧情片	2017/6/17	04厅	兰馨・悦立方影城
18:30	被诅咒的普丁	95	卡尔・勒米厄	剧情片	2017/6/17	04厅	兰馨・悦立方影城
13:30	跑调天后	111	斯蒂芬・弗雷斯	剧情片	2017/6/17	01厅	上海UME新天地国际影城
15:45	阿拉丁	90	罗恩・克莱门兹#约翰・马斯克	动画片	2017/6/17	01厅	上海UME新天地国际影城
18:30	依依惜别	78	纳维・马哈茂迪	剧情片	2017/6/17	01厅	上海UME新天地国际影城
20:45	爱比死更冷	89	赖纳・维尔纳・法斯宾德	剧情片	2017/6/17	01厅	上海UME新天地国际影城
18:30	时空旅行	93	海登・J・威尔	剧情片	2017/6/17	05厅	SFC上影影城（南桥百联店）
20:45	爆头	119	奇摩・斯丹波尔#提莫・塔哈亚托	剧情片	2017/6/17	05厅	SFC上影影城（南桥百联店）
18:30	隧道尽头	120	罗德里戈・格兰德	剧情片	2017/6/17	04厅	SFC上影影城（喜玛拉雅店）
20:45	小镇惊魂	72	查洋・伊塔亚都邦	剧情片	2017/6/17	04厅	SFC上影影城（喜玛拉雅店）
18:30	贝拉的奇幻花园	93	西蒙・阿布德	剧情片	2017/6/17	01厅	金逸影城上海虹口龙之梦IMAX店
9:00	沉默 （4K）	161	马丁・斯科塞斯	剧情片	2017/6/17	ATMOS厅	上海和平影都
13:30	幻想曲 2000	74	皮克素特・亨特#保罗・布里齐	动画片	2017/6/18	ATMOS厅	上海和平影都
15:45	警察和我	125	广木隆一	剧情片	2017/6/19	ATMOS厅	上海和平影都
18:30	橡皮头 （4K）	90	大卫・林奇	剧情片	2017/6/20	ATMOS厅	上海和平影都
20:45	追忆	99	降旗康男	剧情片	2017/6/21	ATMOS厅	上海和平影都
22:45	屏住呼吸	88	费德・阿尔瓦雷兹	剧情片	2017/6/22	ATMOS厅	上海和平影都
10:30	盗信情缘	110	萨布	剧情片	2017/6/18	07厅	SFC上影影城（永华店）
13:30	哈吉布基的森林冒险	76	拉斯姆斯・A・西韦特	动画片	2017/6/18	07厅	SFC上影影城（永华店）
18:30	失控的生活	103	纳维德・达内施	剧情片	2017/6/18	07厅	SFC上影影城（永华店）
20:45	孔雀	136	顾长卫	剧情片	2017/6/18	07厅	SFC上影影城（永华店）
9:00	猫忍	96	渡边武	剧情片	2017/6/18	01厅	SFC上影影城（新衡山店）
18:30	愚行录	120	石川庆	剧情片	2017/6/18	01厅	SFC上影影城（新衡山店）
20:45	帝一之国	118	永井聪	剧情片	2017/6/18	01厅	SFC上影影城（新衡山店）
8:30	不干了，我开除了黑心公司	114	成岛出	剧情片	2017/6/18	01厅	上海大光明电影院
10:30	海边的生与死	154	越川道夫	剧情片	2017/6/18	01厅	上海大光明电影院
13:30	岗拉梅朵	87	扎西青朋	纪录片	2017/6/18	01厅	上海大光明电影院
15:45	会计刺客	128	加文・欧康诺	动作片	2017/6/18	01厅	上海大光明电影院
18:30	夜空总是最大密度的蓝色	108	石井裕也	剧情片	2017/6/18	01厅	上海大光明电影院
20:45	搏击俱乐部	139	大卫・芬奇	剧情片	2017/6/18	01厅	上海大光明电影院
10:30	闪光少女	100	王冉	剧情片	2017/6/18	02厅	上海大光明电影院
13:30	少年犯	101	米凯莱・桑托罗	纪录片	2017/6/18	02厅	上海大光明电影院
15:45	有些怪胎	97	伊恩・麦卡利斯特・麦克唐纳	剧情片	2017/6/18	02厅	上海大光明电影院
18:30	努巴的心	86	肯尼斯・A・卡尔森	纪录片	2017/6/18	02厅	上海大光明电影院
20:45	悍女	149	马丁・库尔霍文	剧情片	2017/6/18	02厅	上海大光明电影院
13:30	疟疾	90	帕维兹・沙巴兹	剧情片	2017/6/18	03厅	上海大光明电影院
15:45	胡说小镇	82	维特・荷默	剧情片	2017/6/18	03厅	上海大光明电影院
20:45	萨拉瓦库	82	普利塔基塔・阿莉安妮	剧情片	2017/6/18	03厅	上海大光明电影院
9:00	宾虚（4K）	212	威廉・惠勒	剧情片	2017/6/18	ATMOS厅	上海和平影都
13:30	跑调天后	111	斯蒂芬・弗雷斯	剧情片	2017/6/18	ATMOS厅	上海和平影都
15:45	人生密密缝	128	荻上直子	剧情片	2017/6/18	ATMOS厅	上海和平影都
18:30	宣告黎明的露之歌	112	汤浅政明	动画片	2017/6/18	ATMOS厅	上海和平影都
20:45	空白的13年	71	斋藤工	剧情片	2017/6/18	ATMOS厅	上海和平影都
20:45	死侍 (IMAX)	108	提姆・米勒	剧情片	2017/6/18	IMAX厅	上海和平影都
10:30	放牛班的春天	96	克里斯托夫・巴拉蒂	剧情片	2017/6/18	01厅	上海星光影城（亚新旗舰店）
13:30	狮子王 （3D）	89	罗杰・阿勒斯#罗伯・明科夫	动画片	2017/6/18	01厅	上海星光影城（亚新旗舰店）
15:45	西北偏北（4K）	137	阿尔弗雷德・希区柯克	剧情片	2017/6/18	01厅	上海星光影城（亚新旗舰店）
18:30	危机72小时	103	亚历山大・卡萨特金	剧情片	2017/6/18	01厅	上海星光影城（亚新旗舰店）
20:45	夜色人生 （4K）	129	本・阿弗莱克	剧情片	2017/6/18	01厅	上海星光影城（亚新旗舰店）
10:30	一位著名的病人	101	朱利斯・舍夫契克	剧情片	2017/6/18	Luxe厅	上海百老汇影城（宝龙店）
13:30	杰出公民	118	加斯顿・杜普拉特#马里亚诺・寇恩	剧情片	2017/6/18	Luxe厅	上海百老汇影城（宝龙店）
15:45	英雄复英雄	122	宾・邦劳赖特#谭力・截禄冠	动作片	2017/6/18	Luxe厅	上海百老汇影城（宝龙店）
18:30	贝拉的奇幻花园	93	西蒙・阿布德	剧情片	2017/6/18	Luxe厅	上海百老汇影城（宝龙店）
20:45	地狱	92	斯戴芬・卢佐维茨基	剧情片	2017/6/18	Luxe厅	上海百老汇影城（宝龙店）
13:30	白蚁	96	朱贤哲	剧情片	2017/6/18	01厅	SFC上影影城（美罗城店）
15:45	乱莺	134	出海拓治	剧情片	2017/6/18	01厅	SFC上影影城（美罗城店）
18:30	艾娃	89	萨宾・纳拉斯	剧情片	2017/6/18	01厅	SFC上影影城（美罗城店）
20:45	墙里的声音	95	艾瑞克・D・豪威尔	剧情片	2017/6/18	01厅	SFC上影影城（美罗城店）
13:30	阿拉丁	90	罗恩・克莱门兹#约翰・马斯克	动画片	2017/6/18	01厅	曹杨影城
15:45	这个杀手不太冷 （4K）	132	吕克・贝松	剧情片	2017/6/18	01厅	曹杨影城
18:30	异形	116	雷德利・斯科特	剧情片	2017/6/18	01厅	曹杨影城
20:45	异形2	138	詹姆斯・卡梅隆	剧情片	2017/6/18	01厅	曹杨影城
15:45	绣春刀・修罗战场	120	路阳	剧情片	2017/6/18	04厅	星美正大影城
18:30	相棒剧场版4	120	桥本一	剧情片	2017/6/18	04厅	星美正大影城
20:45	兰在 1974	82	S.J. 奇罗	剧情片	2017/6/18	04厅	星美正大影城
15:45	红粉惊魂	136	安鲁达・罗伊・乔杜	剧情片	2017/6/18	06厅	上影虹桥临空国际影城
18:30	早安秀	104	君V良一	剧情片	2017/6/18	06厅	上影虹桥临空国际影城
20:45	依依惜别	78	纳维・马哈茂迪	剧情片	2017/6/18	06厅	上影虹桥临空国际影城
15:45	婚事	95	斯蒂芬・斯特雷克	剧情片	2017/6/18	07厅	上影虹桥临空国际影城
20:45	我罩袍下的口红	118	阿兰克里塔・什里瓦斯	剧情片	2017/6/18	07厅	上影虹桥临空国际影城
13:30	春&夏事件簿	119	市井昌秀	剧情片	2017/6/18	01厅	四平电影院
15:45	好时光	102	本・萨弗迪#约书亚・萨弗迪	剧情片	2017/6/18	01厅	四平电影院
18:30	追梦	104	萨米特・卡卡德	剧情片	2017/6/18	01厅	四平电影院
20:45	起义者	127	佐尼特萨-索菲亚・波波奇切娃	剧情片	2017/6/18	01厅	四平电影院
8:30	陌生之地	92	哈什亚尔・莫斯塔法维	剧情片	2017/6/18	02厅	SFC上影影城（八佰伴店）
10:30	嫌疑犯	100	斯库特・科克尔	剧情片	2017/6/18	02厅	SFC上影影城（八佰伴店）
13:30	夫妻财产	101	乔克姆・拉弗塞	剧情片	2017/6/18	02厅	SFC上影影城（八佰伴店）
15:45	还我河山	130	颂乩・维拉曼	剧情片	2017/6/18	02厅	SFC上影影城（八佰伴店）
18:30	贾斯珀・琼斯	101	蕾切尔・帕金斯	剧情片	2017/6/18	02厅	SFC上影影城（八佰伴店）
20:45	雪女	97	杉野希妃	剧情片	2017/6/18	02厅	SFC上影影城（八佰伴店）
13:30	最后的呼吸	73	安娜贝尔・罗耀拉	纪录片	2017/6/18	01厅	光影车间・静安店
15:45	佛朗哥的遗产―西班牙的失窃儿童	70	因加・布雷默	纪录片	2017/6/18	01厅	光影车间・静安店
18:30	当保罗穿越大海	97	雅各布・普罗伊斯	纪录片	2017/6/18	01厅	光影车间・静安店
20:45	柏林叛逆高中	93	亚历山大・克雷德	纪录片	2017/6/18	01厅	光影车间・静安店
13:30	风波再起	115	丹尼尔・迪马克	剧情片	2017/6/18	01厅	上海百丽宫影城（ifc商场店）
15:45	第二个夏天，不再遇到你	107	中西健二	剧情片	2017/6/18	01厅	上海百丽宫影城（ifc商场店）
18:30	我单纯的兄弟	114	马库斯・高勒	剧情片	2017/6/18	01厅	上海百丽宫影城（ifc商场店）
20:45	阿德尔曼夫妇	121	尼古拉斯・贝多斯	剧情片	2017/6/18	01厅	上海百丽宫影城（ifc商场店）
20:45	牛奶配送员的奇幻人生	126	埃米尔・库斯图里卡	剧情片	2017/6/18	观众厅	上海美琪大戏院
15:45	与歌同行	136	詹姆斯・曼高德	剧情片	2017/6/18	05厅	保利国际影城上海世博店
18:30	平衡	84	霍普・迪克森・利奇	剧情片	2017/6/18	05厅	保利国际影城上海世博店
20:45	油墨滋味	80	摩根・西蒙	剧情片	2017/6/18	05厅	保利国际影城上海世博店
15:45	褐红	95	普尔克特	剧情片	2017/6/18	07厅	AMG海上国际影城环球港店
18:30	大创业家	116	约翰・李・汉考克	剧情片	2017/6/18	07厅	AMG海上国际影城环球港店
15:45	隐藏人物	127	特奥多尔・梅尔菲	剧情片	2017/6/18	01厅	上海市沪北电影院
18:30	搜索者	119	约翰・福特	剧情片	2017/6/18	01厅	上海市沪北电影院
10:30	梅纳什	83	约书亚・温斯坦	剧情片	2017/6/18	06厅	上海世纪友谊影城
13:30	复仇记	97	帕托・特莱利亚	剧情片	2017/6/18	06厅	上海世纪友谊影城
15:45	怒火救援	146	托尼・斯科特	剧情片	2017/6/18	06厅	上海世纪友谊影城
18:30	父亲与伊藤先生	119	棚田由纪	剧情片	2017/6/18	06厅	上海世纪友谊影城
20:45	橡皮头 （4K）	90	大卫・林奇	剧情片	2017/6/18	06厅	上海世纪友谊影城
13:30	战地情爱	107	胡安・卡洛斯・韦索洛斯基	剧情片	2017/6/18	01厅	百美汇影城
15:45	文森特与世界的尽头	122	克里斯托弗・范・罗姆帕伊	剧情片	2017/6/18	01厅	百美汇影城
18:30	依依惜别	78	纳维・马哈茂迪	剧情片	2017/6/18	01厅	百美汇影城
20:45	暗房秘密	132	黑泽清	剧情片	2017/6/18	01厅	百美汇影城
13:30	沉默 （4K）	161	马丁・斯科塞斯	剧情片	2017/6/18	10厅	上海宝山万达影城
15:45	潜伏者	127	布拉德・福尔曼	剧情片	2017/6/18	10厅	上海宝山万达影城
18:30	百日孤独	96	克里斯蒂安・帕斯夸列	剧情片	2017/6/18	10厅	上海宝山万达影城
20:45	居里夫人	100	玛丽・诺埃尔	剧情片	2017/6/18	10厅	上海宝山万达影城
15:45	伦敦一家人	95	罗杰・梅因伍德	动画片	2017/6/18	06厅	上海兰生典尚影院
18:30	本能寺酒店	119	铃木雅之	剧情片	2017/6/18	06厅	上海兰生典尚影院
13:30	爱，别，夏威夷	93	松村真吾	剧情片	2017/6/18	02厅	SFC上影影城（金桥太茂店）
15:45	一千根绳	98	图西・塔马西西	剧情片	2017/6/18	02厅	SFC上影影城（金桥太茂店）
18:30	妈咪的盒子	89	约翰尼・格林洛	剧情片	2017/6/18	02厅	SFC上影影城（金桥太茂店）
20:45	私人采购员	105	奥利维耶・阿萨亚斯	剧情片	2017/6/18	02厅	SFC上影影城（金桥太茂店）
18:30	拯救萨莉	94	艾维德・莱恩戈恩	动画片	2017/6/18	02厅	上海开元地中海影城
20:45	静默之下	112	萨哈尔・沙维特#埃雷兹・米兹拉希	剧情片	2017/6/18	02厅	上海开元地中海影城
15:45	相爱一天	136	班庄・比辛达拿刚	剧情片	2017/6/18	07厅	卢米埃上海紫荆影城
18:30	我是马布里	90	杨子	剧情片	2017/6/18	07厅	卢米埃上海紫荆影城
13:30	公园	118	濑田夏树	剧情片	2017/6/18	01厅	上海百丽宫影城（协信店）
15:45	滚烫的爱	126	中野量太	剧情片	2017/6/18	01厅	上海百丽宫影城（协信店）
18:30	白雪公主和七个小矮人	83	戴维・D・汉德	动画片	2017/6/18	01厅	上海百丽宫影城（协信店）
20:45	忽然之间	112	阿斯利・奥兹格	剧情片	2017/6/18	01厅	上海百丽宫影城（协信店）
18:30	东京流浪汉	83	铃木清顺	剧情片	2017/6/18	剧院厅	天山电影院-虹桥艺术中心旗舰店
20:45	昼颜	125	西谷弘	剧情片	2017/6/18	剧院厅	天山电影院-虹桥艺术中心旗舰店
10:30	白雪女王 3	89	阿列克谢・特斯蒂斯林	动画片	2017/6/18	04厅	天山电影院-虹桥艺术中心旗舰店
13:30	幻想曲 2000	74	皮克素特・亨特#保罗・布里齐	动画片	2017/6/18	04厅	天山电影院-虹桥艺术中心旗舰店
15:45	昼行闪耀的流星	119	新城毅彦	剧情片	2017/6/18	04厅	天山电影院-虹桥艺术中心旗舰店
18:30	卡麦拉之情	81	伊利亚・乌契杰利	剧情片	2017/6/18	04厅	天山电影院-虹桥艺术中心旗舰店
20:45	曼谷之夜	183	富田克也	剧情片	2017/6/18	04厅	天山电影院-虹桥艺术中心旗舰店
13:30	囚禁	82	菲利普・范・莱乌	剧情片	2017/6/18	02厅	朵云轩杜比全景声影城
15:45	雪峰神爸	150	阿贾耶・德乌干	动作片	2017/6/18	02厅	朵云轩杜比全景声影城
18:30	欢迎来到德国	117	西蒙・范霍文	剧情片	2017/6/18	02厅	朵云轩杜比全景声影城
20:45	幸福	91	萨布	剧情片	2017/6/18	02厅	朵云轩杜比全景声影城
13:30	穿普拉达的女王	110	大卫・弗兰科尔	剧情片	2017/6/18	06厅	上海百丽宫影城（环贸iapm店）
15:45	突然20岁	130	阿利亚・西瑞汗	剧情片	2017/6/18	06厅	上海百丽宫影城（环贸iapm店）
18:30	酒会	71	莎莉・波特	剧情片	2017/6/18	06厅	上海百丽宫影城（环贸iapm店）
20:45	他们最好的	117	罗勒・莎菲	剧情片	2017/6/18	06厅	上海百丽宫影城（环贸iapm店）
13:30	午夜开放	97	埃德瓦・贝耶	剧情片	2017/6/18	05厅	SFC上影影城（百联又一城店）
15:45	恶魔蛙男	132	大友启史	剧情片	2017/6/18	05厅	SFC上影影城（百联又一城店）
18:30	伤痕累累的恶魔	98	山岸圣太	剧情片	2017/6/18	05厅	SFC上影影城（百联又一城店）
20:45	普罗米修斯	123	雷德利・斯科特	剧情片	2017/6/18	05厅	SFC上影影城（百联又一城店）
18:30	佛朗哥的遗产―西班牙的失窃儿童	70	因加・布雷默	纪录片	2017/6/18	06厅	青浦大光明新国际影院
20:45	衣柜里的猫	82	曾英庭	剧情片	2017/6/18	06厅	青浦大光明新国际影院
13:30	维洛妮卡?佛斯	104	赖纳・维尔纳・法斯宾德	剧情片	2017/6/18	01厅	大上海电影院
15:45	寂寞芳心	140	赖纳・维尔纳・法斯宾德	剧情片	2017/6/18	01厅	大上海电影院
18:30	妄想的影帝	83	史蒂芬・库克森	剧情片	2017/6/18	01厅	大上海电影院
20:45	驾驶	102	萨布	剧情片	2017/6/18	01厅	大上海电影院
15:45	战争天堂	132	安德烈・康查洛夫斯基	剧情片	2017/6/18	02厅	国泰电影院
18:30	残影余像 （4K）	100	安杰依・瓦伊达	剧情片	2017/6/18	02厅	国泰电影院
20:45	午睡公主	112	神山健治	动画片	2017/6/18	02厅	国泰电影院
18:30	濒临险境	106	赫里斯托・达马尔・阿拉姆	剧情片	2017/6/18	04厅	AMG海上明珠国际影城（莘庄店）
20:45	意外	89	马汀・马利亚・斯密特	剧情片	2017/6/18	04厅	AMG海上明珠国际影城（莘庄店）
13:30	波兰当代经典动画合集	106		动画片	2017/6/18	01厅	上海UME新天地国际影城
15:45	流浪猫	129	Y英雄	剧情片	2017/6/18	01厅	上海UME新天地国际影城
18:30	流浪巴黎	82	多米尼克・阿贝尔#菲欧娜・戈登	剧情片	2017/6/18	01厅	上海UME新天地国际影城
20:45	生在幼子	128	三岛有纪子	剧情片	2017/6/18	01厅	上海UME新天地国际影城
13:30	小鸟总动员	84	托比・格恩柯尔#雷扎・梅马里	动画片	2017/6/18	03厅	嘉定影剧院
15:45	春宵苦短，少女前进吧！	93	汤浅政明	动画片	2017/6/18	03厅	嘉定影剧院
18:30	家族之苦2	114	山田洋次	剧情片	2017/6/18	03厅	嘉定影剧院
20:45	自杀小队	123	大卫・阿耶	动作片	2017/6/18	03厅	嘉定影剧院
13:30	秘密特工（3D）	83	罗德里戈・艾巴#塞莉亚・卡通达#基戈・米斯特罗里戈	动画片	2017/6/18	05厅	华士达影城（徐汇店）
15:45	声音猎人	89	丹尼兹・辛纳	剧情片	2017/6/18	05厅	华士达影城（徐汇店）
18:30	爱情与友谊	90	惠特・斯蒂尔曼	剧情片	2017/6/18	05厅	华士达影城（徐汇店）
20:45	最后的居民	83	吉文・阿维蒂西恩	剧情片	2017/6/18	05厅	华士达影城（徐汇店）
15:45	燕子号与亚马逊号	98	菲莉帕・洛索普	剧情片	2017/6/18	04厅	兰馨・悦立方影城
18:30	幸福在西方	102	克里斯蒂安・蒙吉	剧情片	2017/6/18	04厅	兰馨・悦立方影城
18:30	A计划	106	成龙#洪金宝	剧情片	2017/6/18	02厅	上岸影城（金山店）
18:30	疟疾	90	帕维兹・沙巴兹	剧情片	2017/6/18	05厅	SFC上影影城（南桥百联店）
20:45	静默之下	112	萨哈尔・沙维特#埃雷兹・米兹拉希	剧情片	2017/6/18	05厅	SFC上影影城（南桥百联店）
18:30	被诅咒的普丁	95	卡尔・勒米厄	剧情片	2017/6/18	04厅	SFC上影影城（喜玛拉雅店）
20:45	摔跤手苏丹	170	阿里・阿巴斯・萨法尔	动作片	2017/6/18	04厅	SFC上影影城（喜玛拉雅店）
18:30	故障状况	111	克特林・萨伊泽斯库	剧情片	2017/6/18	01厅	金逸影城上海虹口龙之梦IMAX店
20:45	同步	84	万田邦敏	剧情片	2017/6/18	01厅	金逸影城上海虹口龙之梦IMAX店
9:00	七武士 （4K）	207	黑泽明	剧情片	2017/6/18	01厅	SFC上海影城
13:30	明月几时有	130	许鞍华	剧情片	2017/6/18	01厅	SFC上海影城
16:15	天梯:蔡国强的艺术	74	凯文・麦克唐纳	纪录片	2017/6/18	01厅	SFC上海影城
18:30	比海更深	118	是枝裕和	剧情片	2017/6/18	01厅	SFC上海影城
20:45	3月的狮子 后篇	140	大友启史	剧情片	2017/6/18	01厅	SFC上海影城
8:30	流浪猫鲍勃	103	罗杰・斯波蒂斯伍德	剧情片	2017/6/18	02厅	SFC上海影城
10:30	真田十勇士	134	堤幸彦	剧情片	2017/6/18	02厅	SFC上海影城
13:30	摇摇晃晃的人间	89	范俭	纪录片	2017/6/18	02厅	SFC上海影城
15:45	疯癫之翼	106	罗伯特・穆兰	剧情片	2017/6/18	02厅	SFC上海影城
18:30	冷酷的心	120	约翰内斯・纳贝	剧情片	2017/6/18	02厅	SFC上海影城
20:45	月光男孩	111	巴里・詹金斯	剧情片	2017/6/18	02厅	SFC上海影城
8:30	血浓于罪	100	亚当・史密斯	剧情片	2017/6/18	03厅	SFC上海影城
10:30	至爱梵高	95	多洛塔・科别拉#休・韦尔什曼	动画片	2017/6/18	03厅	SFC上海影城
13:30	龙之战	116	高峰	剧情片	2017/6/18	03厅	SFC上海影城
15:45	闪光少女	100	王冉	剧情片	2017/6/18	03厅	SFC上海影城
18:30	东京风之交响乐团	75	坂下雄一郎	剧情片	2017/6/18	03厅	SFC上海影城
20:45	强尼・凯克	105	黄熙	剧情片	2017/6/18	03厅	SFC上海影城
10:30	归去	102	颜雷	剧情片	2017/6/18	07厅	SFC上海影城
13:30	冬天里	98	彭士刚	剧情片	2017/6/18	07厅	SFC上海影城
15:45	七儿娘	90	牛建荣#牛牛	剧情片	2017/6/18	07厅	SFC上海影城
18:30	末日救赎	91	谢添	剧情片	2017/6/18	07厅	SFC上海影城
20:45	八月	107	张大磊	剧情片	2017/6/18	07厅	SFC上海影城
13:30	山中传奇 （4K）	191	胡金铨	剧情片	2017/6/19	07厅	SFC上影影城（永华店）
18:30	放牛班的春天	96	克里斯托夫・巴拉蒂	剧情片	2017/6/19	07厅	SFC上影影城（永华店）
20:45	还我河山	130	颂乩・维拉曼	剧情片	2017/6/19	07厅	SFC上影影城（永华店）
15:45	雄狮	118	加斯・戴维斯	剧情片	2017/6/19	06厅	上海兰生典尚影院
18:30	鼹鼠之歌2：香港狂骚曲	128	三池崇史	剧情片	2017/6/19	06厅	上海兰生典尚影院
13:30	早安秀	104	君V良一	剧情片	2017/6/19	01厅	SFC上影影城（新衡山店）
15:45	滚烫的爱	126	中野量太	剧情片	2017/6/19	01厅	SFC上影影城（新衡山店）
18:30	月光男孩	111	巴里・詹金斯	剧情片	2017/6/19	01厅	SFC上影影城（新衡山店）
20:45	童使	112	清水崇	剧情片	2017/6/19	01厅	SFC上影影城（新衡山店）
13:30	勇敢的心	178	梅尔・吉布森	剧情片	2017/6/19	01厅	曹杨影城
18:30	血战坦克连 （4K）	105	基姆・德鲁日宁#安德烈・谢罗帕	动作片	2017/6/19	01厅	曹杨影城
20:45	橡皮头 （4K）	90	大卫・林奇	剧情片	2017/6/19	01厅	曹杨影城
15:45	红圈	140	让-皮埃尔・梅尔维尔	剧情片	2017/6/19	ATMOS厅	上海和平影都
18:30	雌雄大盗	111	阿瑟・佩恩	剧情片	2017/6/19	ATMOS厅	上海和平影都
20:45	3月的狮子 前篇	138	大友启史	剧情片	2017/6/19	ATMOS厅	上海和平影都
20:45	死侍 (IMAX)	108	提姆・米勒	剧情片	2017/6/19	IMAX厅	上海和平影都
10:30	宣告黎明的露之歌	112	汤浅政明	动画片	2017/6/19	01厅	上海大光明电影院
13:30	奇迹，那天如此重要	111	兼重淳	剧情片	2017/6/19	01厅	上海大光明电影院
15:45	低俗小说	154	昆汀・塔伦蒂诺	剧情片	2017/6/19	01厅	上海大光明电影院
18:30	金刚狼3：殊死一战（黑白版）	123	詹姆斯・曼高德	剧情片	2017/6/19	01厅	上海大光明电影院
20:45	迷墙	95	艾伦・帕克	剧情片	2017/6/19	01厅	上海大光明电影院
15:45	中美学生短片作品集	110	戴蒙德・卡布里多等	剧情片	2017/6/19	03厅	上海大光明电影院
18:30	柏林叛逆高中	93	亚历山大・克雷德	纪录片	2017/6/19	03厅	上海大光明电影院
20:45	模拟	84	阿比德・阿比斯特	剧情片	2017/6/19	03厅	上海大光明电影院
10:30	沉默 （4K）	161	马丁・斯科塞斯	剧情片	2017/6/19	剧院厅	天山电影院-虹桥艺术中心旗舰店
13:30	春宵苦短，少女前进吧！	93	汤浅政明	动画片	2017/6/19	剧院厅	天山电影院-虹桥艺术中心旗舰店
15:45	临渊而立	120	深田晃司	剧情片	2017/6/19	剧院厅	天山电影院-虹桥艺术中心旗舰店
18:30	樱桃的滋味	98	阿巴斯・基亚罗斯塔米	剧情片	2017/6/19	剧院厅	天山电影院-虹桥艺术中心旗舰店
20:45	东京偶像	88	三宅响子	纪录片	2017/6/19	剧院厅	天山电影院-虹桥艺术中心旗舰店
22:45	猜火车2	118	丹尼・博伊尔	剧情片	2017/6/19	剧院厅	天山电影院-虹桥艺术中心旗舰店
10:30	放逐	101	戴维斯・西曼尼斯	剧情片	2017/6/19	04厅	天山电影院-虹桥艺术中心旗舰店
13:30	带我回家+与阿巴斯・基亚罗斯塔米的76分15秒	93	塞福拉・萨马第恩#阿巴斯・基亚罗斯塔米	剧情片	2017/6/19	04厅	天山电影院-虹桥艺术中心旗舰店
15:45	随风而逝	118	阿巴斯・基亚罗斯塔米	剧情片	2017/6/19	04厅	天山电影院-虹桥艺术中心旗舰店
18:30	索多玛120天的幕后事	113	戴维・格里科	剧情片	2017/6/19	04厅	天山电影院-虹桥艺术中心旗舰店
20:45	斯科普里的解放	111	拉德・舍博德兹加#达尼洛・舍博德兹加	剧情片	2017/6/19	04厅	天山电影院-虹桥艺术中心旗舰店
15:45	小鹿斑比	70	戴维・D・汉德	动画片	2017/6/19	02厅	国泰电影院
18:30	恐惧吞噬灵魂	92	赖纳・维尔纳・法斯宾德	剧情片	2017/6/19	02厅	国泰电影院
20:45	世界旦夕之间	212	赖纳・维尔纳・法斯宾德	剧情片	2017/6/19	02厅	国泰电影院
15:45	相爱一天	136	班庄・比辛达拿刚	剧情片	2017/6/19	06厅	上影虹桥临空国际影城
18:30	快餐车	109	洪金宝	动作片	2017/6/19	06厅	上影虹桥临空国际影城
20:45	尘埃	120	高兹德・库拉尔	剧情片	2017/6/19	06厅	上影虹桥临空国际影城
15:45	独眼王	86	马克・格雷休特	剧情片	2017/6/19	07厅	上影虹桥临空国际影城
18:30	没有屋顶的房子	117	索琳・尤瑟夫	剧情片	2017/6/19	07厅	上影虹桥临空国际影城
20:45	墙里的声音	95	艾瑞克・D・豪威尔	剧情片	2017/6/19	07厅	上影虹桥临空国际影城
18:30	抱得美人归	101	罗伯特・卡夫利	剧情片	2017/6/19	01厅	四平电影院
20:45	天道	98	佩特拉・比翁迪娜・沃・沃尔普	剧情片	2017/6/19	01厅	四平电影院
18:30	重访蓝丝绒	85	彼得・布拉茨	纪录片	2017/6/19	01厅	光影车间・静安店
20:45	博斯，梦幻花园	86	何塞・路易・洛佩-莱	纪录片	2017/6/19	01厅	光影车间・静安店
18:30	妄想的影帝	83	史蒂芬・库克森	剧情片	2017/6/19	02厅	SFC上影影城（八佰伴店）
20:45	忽然之间	112	阿斯利・奥兹格	剧情片	2017/6/19	02厅	SFC上影影城（八佰伴店）
18:30	帕特森	118	吉姆・贾木许	剧情片	2017/6/19	01厅	上海百丽宫影城（ifc商场店）
20:45	各有少年时	117	理查德・林克莱特	剧情片	2017/6/19	01厅	上海百丽宫影城（ifc商场店）
22:45	胡丽叶塔	99	佩德罗・阿莫多瓦	剧情片	2017/6/19	观众厅	上海美琪大戏院
18:30	将我唤醒	98	纪尧姆・普罗岑科	剧情片	2017/6/19	05厅	保利国际影城上海世博店
20:45	意外	89	马汀・马利亚・斯密特	剧情片	2017/6/19	05厅	保利国际影城上海世博店
15:45	梦中人	134	马可・贝罗奇奥	剧情片	2017/6/19	07厅	AMG海上国际影城环球港店
18:30	双胞胎猴子	108	努塔昆・沙韦苏克	剧情片	2017/6/19	07厅	AMG海上国际影城环球港店
20:45	A山节考	131	今村昌平	剧情片	2017/6/19	07厅	AMG海上国际影城环球港店
15:45	隧道尽头	120	罗德里戈・格兰德	剧情片	2017/6/19	01厅	上海市沪北电影院
18:30	花战	127	筱原哲雄	剧情片	2017/6/19	01厅	上海市沪北电影院
10:30	战争天堂	132	安德烈・康查洛夫斯基	剧情片	2017/6/19	06厅	上海世纪友谊影城
13:30	将我唤醒	98	纪尧姆・普罗岑科	剧情片	2017/6/19	06厅	上海世纪友谊影城
15:45	伤心先生	129	伊缇萨・厄桑通瓦塔纳	剧情片	2017/6/19	06厅	上海世纪友谊影城
18:30	我是布莱克	100	肯・洛奇	剧情片	2017/6/19	06厅	上海世纪友谊影城
20:45	残菊物语	144	沟口健二	剧情片	2017/6/19	06厅	上海世纪友谊影城
18:30	监狱学警	96	巫俊锋	剧情片	2017/6/19	01厅	百美汇影城
20:45	大开眼界	103	穆里尔・考林#戴菲琳・考林	剧情片	2017/6/19	01厅	百美汇影城
18:30	美女与野兽 （3D）	92	柯克・维斯#加里・特洛斯达勒	动画片	2017/6/19	10厅	上海宝山万达影城
20:45	周末夜狂热（4K）	119	约翰・班德汉姆	剧情片	2017/6/19	10厅	上海宝山万达影城
18:30	两张彩票	85	保罗・内戈埃斯库	剧情片	2017/6/19	02厅	SFC上影影城（金桥太茂店）
20:45	地狱	92	斯戴芬・卢佐维茨基	剧情片	2017/6/19	02厅	SFC上影影城（金桥太茂店）
18:30	火车司机日记	88	米洛斯・拉多维奇	剧情片	2017/6/19	02厅	上海开元地中海影城
20:45	莫逆之交	91	克谢尼娅・巴斯卡科夫	剧情片	2017/6/19	02厅	上海开元地中海影城
18:30	另一个世界	87	弗洛里安・施内尔	剧情片	2017/6/19	07厅	卢米埃上海紫荆影城
20:45	可怕的战争	71	卢卡・米西#朱利亚・布拉柴耶	剧情片	2017/6/19	07厅	卢米埃上海紫荆影城
18:30	律法之地	91	尤西・希尔图宁	剧情片	2017/6/19	01厅	上海百丽宫影城（协信店）
20:45	黑夜传说5：血战 （4K）	91	安娜・福斯特	动作片	2017/6/19	01厅	上海百丽宫影城（协信店）
18:30	眼线	109	让-皮埃尔・梅尔维尔	剧情片	2017/6/19	01厅	上海星光影城（亚新旗舰店）
20:45	梅纳什	83	约书亚・温斯坦	剧情片	2017/6/19	01厅	上海星光影城（亚新旗舰店）
18:30	希望之光	101	西尔维娅・盖尔	剧情片	2017/6/19	03厅	星光映会影城（上海体育场店）
20:45	雪女	97	杉野希妃	剧情片	2017/6/19	03厅	星光映会影城（上海体育场店）
18:30	陌生之地	92	哈什亚尔・莫斯塔法维	剧情片	2017/6/19	02厅	朵云轩杜比全景声影城
20:45	鬼屋惊魂	113	迈克尔・梅尔斯基	剧情片	2017/6/19	02厅	朵云轩杜比全景声影城
18:30	博斯，梦幻花园	86	何塞・路易・洛佩-莱	纪录片	2017/6/19	06厅	上海百丽宫影城（环贸iapm店）
20:45	伴随贝多芬起舞	80	阿伦特克萨・阿圭雷	纪录片	2017/6/19	06厅	上海百丽宫影城（环贸iapm店）
18:30	我的珍宝	90	帕斯卡尔・布迪亚尔	剧情片	2017/6/19	04厅	星美正大影城
20:45	占有欲	94	蒂尼・图尔曼	剧情片	2017/6/19	04厅	星美正大影城
18:30	完美陌生人	97	保罗・格诺维瑟	剧情片	2017/6/19	05厅	SFC上影影城（百联又一城店）
20:45	哈尔姆斯	96	伊万・布洛茨尼科夫	剧情片	2017/6/19	05厅	SFC上影影城（百联又一城店）
18:30	小美人鱼	83	罗恩・克莱蒙兹#约翰・马斯克	动画片	2017/6/19	Luxe厅	上海百老汇影城（宝龙店）
20:45	沉默37人	82	普克・格拉斯特恩	剧情片	2017/6/19	Luxe厅	上海百老汇影城（宝龙店）
18:30	阿里，山羊与阿伯拉希姆	90	谢里夫・阿尔・本达里	剧情片	2017/6/19	06厅	青浦大光明新国际影院
20:45	含羞草	93	奥利维尔・拉克谢	剧情片	2017/6/19	06厅	青浦大光明新国际影院
18:30	战舰波将金号	69	谢尔盖・爱森斯坦	剧情片	2017/6/19	01厅	大上海电影院
20:45	纪念	91	巴沃・德弗恩	剧情片	2017/6/19	01厅	大上海电影院
18:30	治疗	109	费利克斯・肆	剧情片	2017/6/19	04厅	AMG海上明珠国际影城（莘庄店）
20:45	潜伏者	127	布拉德・福尔曼	剧情片	2017/6/19	04厅	AMG海上明珠国际影城（莘庄店）
18:30	弗兰兹	111	弗朗索瓦・欧容	剧情片	2017/6/19	01厅	上海UME新天地国际影城
20:45	山之外	152	克里斯蒂安・蒙吉	剧情片	2017/6/19	01厅	上海UME新天地国际影城
18:30	黑桃女王	120	帕维・龙根	剧情片	2017/6/19	03厅	嘉定影剧院
20:45	死侍	108	提姆・米勒	剧情片	2017/6/19	03厅	嘉定影剧院
18:30	最后一节车厢	104	安德里亚斯・沙普	剧情片	2017/6/19	05厅	华士达影城（徐汇店）
20:45	图书馆自杀事件	87	尤若斯・林恩	剧情片	2017/6/19	05厅	华士达影城（徐汇店）
18:30	第二个夏天，不再遇到你	107	中西健二	剧情片	2017/6/19	04厅	兰馨・悦立方影城
18:30	完美陌生人	97	保罗・格诺维瑟	剧情片	2017/6/19	02厅	上岸影城（金山店）
18:30	小飞象	64	宾・沙普斯坦#宾・沙普斯坦	动画片	2017/6/19	05厅	SFC上影影城（南桥百联店）
20:45	最后的居民	83	吉文・阿维蒂西恩	剧情片	2017/6/19	05厅	SFC上影影城（南桥百联店）
18:30	斯蒂芬的天堂	97	拉尔夫・胡特纳	剧情片	2017/6/19	04厅	SFC上影影城（喜玛拉雅店）
20:45	母亲的手	106	弗罗里安・伊辛格	剧情片	2017/6/19	04厅	SFC上影影城（喜玛拉雅店）
18:30	小熊维尼	63	唐・霍尔#斯蒂芬・J・安德森	动画片	2017/6/19	01厅	金逸影城上海虹口龙之梦IMAX店
20:45	乱莺	134	出海拓治	剧情片	2017/6/19	01厅	金逸影城上海虹口龙之梦IMAX店
18:30	那般良夜	92	埃里克・斯泰尔斯	剧情片	2017/6/19	01厅	SFC上影影城（美罗城店）
20:45	起义者	127	佐尼特萨-索菲亚・波波奇切娃	剧情片	2017/6/19	01厅	SFC上影影城（美罗城店）
8:30	卡拉瓦乔	93	德里克・贾曼	剧情片	2017/6/19	01厅	SFC上海影城
10:30	驱魔人	132	威廉・弗莱德金	剧情片	2017/6/19	01厅	SFC上海影城
13:30	热情似火	122	比利・怀尔德	剧情片	2017/6/19	01厅	SFC上海影城
15:45	西北偏北（4K）	137	阿尔弗雷德・希区柯克	剧情片	2017/6/19	01厅	SFC上海影城
18:30	家族之苦2	114	山田洋次	剧情片	2017/6/19	01厅	SFC上海影城
20:45	双峰镇：与火同行 （4K）	134	大卫・林奇	剧情片	2017/6/19	01厅	SFC上海影城
8:30	妈咪的盒子	89	约翰尼・格林洛	剧情片	2017/6/19	02厅	SFC上海影城
10:30	烽火芳菲	97	比利・奥古斯特	剧情片	2017/6/19	02厅	SFC上海影城
13:30	筹款风波	93	莫斯塔法・塔吉扎德赫	剧情片	2017/6/19	02厅	SFC上海影城
15:45	我单纯的兄弟	114	马库斯・高勒	剧情片	2017/6/19	02厅	SFC上海影城
18:30	跑调天后	111	斯蒂芬・弗雷斯	剧情片	2017/6/19	02厅	SFC上海影城
20:45	毕业会考	128	克里斯蒂安・蒙吉	剧情片	2017/6/19	02厅	SFC上海影城
8:30	大索尼娅	94	莉亚・沃肖斯基	纪录片	2017/6/19	03厅	SFC上海影城
10:30	父子雄兵	103	袁卫东	剧情片	2017/6/19	03厅	SFC上海影城
13:30	逆时营救	106	创	动作片	2017/6/19	03厅	SFC上海影城
15:45	我是马布里	90	杨子	剧情片	2017/6/19	03厅	SFC上海影城
18:30	咖啡风暴	110	克里斯提诺・波顿	剧情片	2017/6/19	03厅	SFC上海影城
20:45	墓地情歌	141	廖忠权	剧情片	2017/6/19	03厅	SFC上海影城
10:30	大雪冬至	89	邢潇	剧情片	2017/6/19	07厅	SFC上海影城
13:30	娜娜	88	方刚亮	剧情片	2017/6/19	07厅	SFC上海影城
15:45	喜马拉雅之灵	111	曾云辉	剧情片	2017/6/19	07厅	SFC上海影城
18:30	秋野春潮	80	陈志海	剧情片	2017/6/19	07厅	SFC上海影城
20:45	我最好朋友的婚礼	92	陈飞宏	剧情片	2017/6/19	07厅	SFC上海影城
13:30	东京偶像	88	三宅响子	纪录片	2017/6/20	ATMOS厅	上海和平影都
15:45	家族之苦2	114	山田洋次	剧情片	2017/6/20	ATMOS厅	上海和平影都
18:30	奇迹，那天如此重要	111	兼重淳	剧情片	2017/6/20	ATMOS厅	上海和平影都
20:45	3月的狮子 后篇	140	大友启史	剧情片	2017/6/20	ATMOS厅	上海和平影都
20:45	少年派的奇幻漂流 (IMAX/3D)	129	李安	剧情片	2017/6/20	IMAX厅	上海和平影都
10:30	会计刺客	128	加文・欧康诺	动作片	2017/6/20	剧院厅	天山电影院-虹桥艺术中心旗舰店
13:30	穿普拉达的女王	110	大卫・弗兰科尔	剧情片	2017/6/20	剧院厅	天山电影院-虹桥艺术中心旗舰店
15:45	牛奶配送员的奇幻人生	126	埃米尔・库斯图里卡	剧情片	2017/6/20	剧院厅	天山电影院-虹桥艺术中心旗舰店
18:30	伴随贝多芬起舞	80	阿伦特克萨・阿圭雷	纪录片	2017/6/20	剧院厅	天山电影院-虹桥艺术中心旗舰店
20:45	追忆	99	降旗康男	剧情片	2017/6/20	剧院厅	天山电影院-虹桥艺术中心旗舰店
22:45	屏住呼吸	88	费德・阿尔瓦雷兹	剧情片	2017/6/20	剧院厅	天山电影院-虹桥艺术中心旗舰店
10:30	只是查理	100	里贝卡・福琼	剧情片	2017/6/20	04厅	天山电影院-虹桥艺术中心旗舰店
13:30	疯癫之翼	106	罗伯特・穆兰	剧情片	2017/6/20	04厅	天山电影院-虹桥艺术中心旗舰店
15:45	本能寺酒店	119	铃木雅之	剧情片	2017/6/20	04厅	天山电影院-虹桥艺术中心旗舰店
18:30	嫌疑犯	100	斯库特・科克尔	剧情片	2017/6/20	04厅	天山电影院-虹桥艺术中心旗舰店
20:45	河马	90	约翰・詹克斯	剧情片	2017/6/20	04厅	天山电影院-虹桥艺术中心旗舰店
13:30	金爵国际参赛短片集1	112	诺曼?塔姆基维 等	剧情片	2017/6/20	01厅	曹杨影城
18:30	将军号 （4K）	80	克莱德・布鲁克曼#巴斯特・基顿	剧情片	2017/6/20	01厅	曹杨影城
20:45	地狱	92	斯戴芬・卢佐维茨基	剧情片	2017/6/20	01厅	曹杨影城
15:45	金爵国际参赛短片集2	113	诺米?尼古拉斯 等	剧情片	2017/6/20	01厅	上海星光影城（亚新旗舰店）
18:30	抱得美人归	101	罗伯特・卡夫利	剧情片	2017/6/20	01厅	上海星光影城（亚新旗舰店）
20:45	双峰镇：与火同行 （4K）	134	大卫・林奇	剧情片	2017/6/20	01厅	上海星光影城（亚新旗舰店）
13:30	合法副本	106	阿巴斯・基亚罗斯塔米	剧情片	2017/6/20	06厅	上海百丽宫影城（环贸iapm店）
18:30	伤痕累累的恶魔	98	山岸圣太	剧情片	2017/6/20	06厅	上海百丽宫影城（环贸iapm店）
20:45	世界旦夕之间	212	赖纳・维尔纳・法斯宾德	剧情片	2017/6/20	06厅	上海百丽宫影城（环贸iapm店）
8:30	东京流浪汉	83	铃木清顺	剧情片	2017/6/20	01厅	上海大光明电影院
10:30	恋妻家宫本	117	游川和彦	剧情片	2017/6/20	01厅	上海大光明电影院
13:30	雌雄大盗	111	阿瑟・佩恩	剧情片	2017/6/20	01厅	上海大光明电影院
15:45	警察和我	125	广木隆一	剧情片	2017/6/20	01厅	上海大光明电影院
18:30	黑夜传说5：血战 （4K）	91	安娜・福斯特	动作片	2017/6/20	01厅	上海大光明电影院
20:45	沉默的羔羊	121	乔纳森・戴米	剧情片	2017/6/20	01厅	上海大光明电影院
18:30	龙兄虎弟	99	成龙	动作片	2017/6/20	02厅	上海大光明电影院
20:45	为善而归	91	米娅・斯宾格勒	剧情片	2017/6/20	02厅	上海大光明电影院
22:45	托马索	97	吉姆・罗斯・斯图尔特	剧情片	2017/6/20	02厅	上海大光明电影院
18:30	狗与愚		阿里・穆罕默德・加西米	剧情片	2017/6/20	03厅	上海大光明电影院
20:45	褐红	95	普尔克特	剧情片	2017/6/20	03厅	上海大光明电影院
15:45	火车司机日记	88	米洛斯・拉多维奇	剧情片	2017/6/20	06厅	上影虹桥临空国际影城
18:30	放逐	101	戴维斯・西曼尼斯	剧情片	2017/6/20	06厅	上影虹桥临空国际影城
15:45	杰出公民	118	加斯顿・杜普拉特#马里亚诺・寇恩	剧情片	2017/6/20	07厅	上影虹桥临空国际影城
18:30	小鹿斑比	70	戴维・D・汉德	动画片	2017/6/20	07厅	上影虹桥临空国际影城
20:45	静默之下	112	萨哈尔・沙维特#埃雷兹・米兹拉希	剧情片	2017/6/20	07厅	上影虹桥临空国际影城
18:30	柏林危机	91	肯・杜肯	剧情片	2017/6/20	01厅	SFC上影影城（新衡山店）
20:45	A山节考	131	今村昌平	剧情片	2017/6/20	01厅	SFC上影影城（新衡山店）
18:30	模拟	84	阿比德・阿比斯特	剧情片	2017/6/20	07厅	SFC上影影城（永华店）
20:45	梦中人	134	马可・贝罗奇奥	剧情片	2017/6/20	07厅	SFC上影影城（永华店）
18:30	希望之光	101	西尔维娅・盖尔	剧情片	2017/6/20	01厅	四平电影院
20:45	兰在 1974	82	S.J. 奇罗	剧情片	2017/6/20	01厅	四平电影院
18:30	对比：肯・洛奇的生活和影片	94	露易丝・奥斯蒙德	纪录片	2017/6/20	01厅	光影车间・静安店
20:45	伴随贝多芬起舞	80	阿伦特克萨・阿圭雷	纪录片	2017/6/20	01厅	光影车间・静安店
18:30	努巴的心	86	肯尼斯・A・卡尔森	纪录片	2017/6/20	02厅	SFC上影影城（八佰伴店）
20:45	同步	84	万田邦敏	剧情片	2017/6/20	02厅	SFC上影影城（八佰伴店）
18:30	警察故事	101	陈志华#成龙	剧情片	2017/6/20	01厅	环球国际影城（崇明店）
18:30	爱情与友谊	90	惠特・斯蒂尔曼	剧情片	2017/6/20	01厅	上海百丽宫影城（ifc商场店）
20:45	自杀小队	123	大卫・阿耶	动作片	2017/6/20	01厅	上海百丽宫影城（ifc商场店）
13:30	初恋这首情歌	106	约翰・卡尼	剧情片	2017/6/20	观众厅	上海美琪大戏院
15:45	穆桂英挂帅	120	夏钢	剧情片	2017/6/20	观众厅	上海美琪大戏院
18:30	赵氏孤儿	106	马崇杰	剧情片	2017/6/20	观众厅	上海美琪大戏院
20:45	经过中国	107	本杰明・布拉斯基	纪录片	2017/6/20	观众厅	上海美琪大戏院
18:30	小熊维尼	63	唐・霍尔#斯蒂芬・J・安德森	动画片	2017/6/20	05厅	保利国际影城上海世博店
20:45	硬核亨利	97	伊利亚・奈舒勒	动作片	2017/6/20	05厅	保利国际影城上海世博店
15:45	战争天堂	132	安德烈・康查洛夫斯基	剧情片	2017/6/20	07厅	AMG海上国际影城环球港店
18:30	罗比和托比的奇幻冒险	101	沃夫冈・格罗斯	剧情片	2017/6/20	07厅	AMG海上国际影城环球港店
20:45	二十世纪女人	119	迈克・米尔斯	剧情片	2017/6/20	07厅	AMG海上国际影城环球港店
15:45	生存家族	117	矢口史靖	剧情片	2017/6/20	01厅	上海市沪北电影院
18:30	秘密决定	96	奥利维尔・阿塞林	剧情片	2017/6/20	01厅	上海市沪北电影院
10:30	大创业家	116	约翰・李・汉考克	剧情片	2017/6/20	06厅	上海世纪友谊影城
15:45	卡农	124	杂贺俊朗	剧情片	2017/6/20	06厅	上海世纪友谊影城
18:30	斯蒂芬的天堂	97	拉尔夫・胡特纳	剧情片	2017/6/20	06厅	上海世纪友谊影城
20:45	有些怪胎	97	伊恩・麦卡利斯特・麦克唐纳	剧情片	2017/6/20	06厅	上海世纪友谊影城
18:30	接吻吗？	77	雅尼斯・珂诺诗	剧情片	2017/6/20	01厅	百美汇影城
20:45	鬼屋惊魂	113	迈克尔・梅尔斯基	剧情片	2017/6/20	01厅	百美汇影城
18:30	母爱清单	102	尼尔・约翰逊	剧情片	2017/6/20	10厅	上海宝山万达影城
20:45	私人采购员	105	奥利维耶・阿萨亚斯	剧情片	2017/6/20	10厅	上海宝山万达影城
18:30	险恶的运气	114	斯特凡・豪普	剧情片	2017/6/20	06厅	上海兰生典尚影院
18:30	另一个世界	87	弗洛里安・施内尔	剧情片	2017/6/20	02厅	SFC上影影城（金桥太茂店）
20:45	好时光	102	本・萨弗迪#约书亚・萨弗迪	剧情片	2017/6/20	02厅	SFC上影影城（金桥太茂店）
18:30	阿拉丁	90	罗恩・克莱门兹#约翰・马斯克	动画片	2017/6/20	02厅	上海开元地中海影城
20:45	爆头	119	奇摩・斯丹波尔#提莫・塔哈亚托	剧情片	2017/6/20	02厅	上海开元地中海影城
18:30	白雪公主和七个小矮人	83	戴维・D・汉德	动画片	2017/6/20	07厅	卢米埃上海紫荆影城
20:45	伟大的梦想	103	米歇尔・万努奇	剧情片	2017/6/20	07厅	卢米埃上海紫荆影城
18:30	一袋弹子	110	克里斯蒂安・迪盖	剧情片	2017/6/20	01厅	上海百丽宫影城（协信店）
20:45	莱昂莫汉神父 （4K）	129	让-皮埃尔・梅尔维尔	剧情片	2017/6/20	01厅	上海百丽宫影城（协信店）
18:30	好邮差	82	托尼斯拉夫・赫里斯托	纪录片	2017/6/20	03厅	星光映会影城（上海体育场店）
20:45	突然20岁	130	阿利亚・西瑞汗	剧情片	2017/6/20	03厅	星光映会影城（上海体育场店）
18:30	治疗	109	费利克斯・肆	剧情片	2017/6/20	02厅	朵云轩杜比全景声影城
20:45	死亡报告	90	易卜拉欣・易卜拉希米安	剧情片	2017/6/20	02厅	朵云轩杜比全景声影城
18:30	橄榄树下的情人	103	阿巴斯・基亚罗斯塔米	剧情片	2017/6/20	04厅	星美正大影城
20:45	雪女	97	杉野希妃	剧情片	2017/6/20	04厅	星美正大影城
18:30	酒会	71	莎莉・波特	剧情片	2017/6/20	05厅	SFC上影影城（百联又一城店）
20:45	占有欲	94	蒂尼・图尔曼	剧情片	2017/6/20	05厅	SFC上影影城（百联又一城店）
18:30	人质们	103	列佐・吉吉涅什维利	剧情片	2017/6/20	Luxe厅	上海百老汇影城（宝龙店）
20:45	死亡笔记：点亮新世界	135	佐藤信介	剧情片	2017/6/20	Luxe厅	上海百老汇影城（宝龙店）
18:30	静默之下	112	萨哈尔・沙维特#埃雷兹・米兹拉希	剧情片	2017/6/20	06厅	青浦大光明新国际影院
20:45	黎明之前	106	玛丽亚・ 施拉德	剧情片	2017/6/20	06厅	青浦大光明新国际影院
18:30	一切为了一个女孩 （4K）	98	安德里亚・莫莱奥尼	剧情片	2017/6/20	02厅	国泰电影院
20:45	特写	99	阿巴斯・基亚罗斯塔米	剧情片	2017/6/20	02厅	国泰电影院
18:30	妈咪的盒子	89	约翰尼・格林洛	剧情片	2017/6/20	01厅	大上海电影院
20:45	忽然之间	112	阿斯利・奥兹格	剧情片	2017/6/20	01厅	大上海电影院
18:30	我父亲的踪迹	92	马可・塞加托	剧情片	2017/6/20	04厅	AMG海上明珠国际影城（莘庄店）
18:30	正午	85	弗雷德・金尼曼	剧情片	2017/6/20	01厅	上海UME新天地国际影城
20:45	毕业会考	128	克里斯蒂安・蒙吉	剧情片	2017/6/20	01厅	上海UME新天地国际影城
18:30	热情似火	122	比利・怀尔德	剧情片	2017/6/20	03厅	嘉定影剧院
20:45	搏击俱乐部	139	大卫・芬奇	剧情片	2017/6/20	03厅	嘉定影剧院
18:30	小美人鱼	83	罗恩・克莱蒙兹#约翰・马斯克	动画片	2017/6/20	05厅	华士达影城（徐汇店）
20:45	黑桃女王	120	帕维・龙根	剧情片	2017/6/20	05厅	华士达影城（徐汇店）
18:30	东京风之交响乐团	75	坂下雄一郎	剧情片	2017/6/20	04厅	兰馨・悦立方影城
18:30	二胎风波	92	穆赫辛・阿卜杜瓦布	剧情片	2017/6/20	05厅	SFC上影影城（南桥百联店）
20:45	飞鹰计划	111	成龙	剧情片	2017/6/20	05厅	SFC上影影城（南桥百联店）
18:30	第二个夏天，不再遇到你	107	中西健二	剧情片	2017/6/20	04厅	SFC上影影城（喜玛拉雅店）
20:45	国王的选择	133	埃里克・普派	剧情片	2017/6/20	04厅	SFC上影影城（喜玛拉雅店）
18:30	大创业家	116	约翰・李・汉考克	剧情片	2017/6/20	01厅	金逸影城上海虹口龙之梦IMAX店
20:45	普通人	141	爱德华多・W・罗伊	剧情片	2017/6/20	01厅	金逸影城上海虹口龙之梦IMAX店
18:30	柏林叛逆高中	93	亚历山大・克雷德	纪录片	2017/6/20	01厅	SFC上影影城（美罗城店）
20:45	尘埃	120	高兹德・库拉尔	剧情片	2017/6/20	01厅	SFC上影影城（美罗城店）
8:30	屏住呼吸	88	费德・阿尔瓦雷兹	剧情片	2017/6/20	01厅	SFC上海影城
10:30	低俗小说	154	昆汀・塔伦蒂诺	剧情片	2017/6/20	01厅	SFC上海影城
13:30	雨月物语 （4K）	97	沟口健二	剧情片	2017/6/20	01厅	SFC上海影城
15:45	残菊物语	144	沟口健二	剧情片	2017/6/20	01厅	SFC上海影城
18:30	童使	112	清水崇	剧情片	2017/6/20	01厅	SFC上海影城
20:45	四月三周两天	109	克里斯蒂安・蒙吉	剧情片	2017/6/20	01厅	SFC上海影城
8:30	德州之心	104	大卫・马克	剧情片	2017/6/20	02厅	SFC上海影城
10:30	最后的踢踏舞	133	水谷丰	剧情片	2017/6/20	02厅	SFC上海影城
13:30	故障状况	111	克特林・萨伊泽斯库	剧情片	2017/6/20	02厅	SFC上海影城
15:45	与歌同行	136	詹姆斯・曼高德	剧情片	2017/6/20	02厅	SFC上海影城
18:30	公园	118	濑田夏树	剧情片	2017/6/20	02厅	SFC上海影城
20:45	大开眼界	103	穆里尔・考林#戴菲琳・考林	剧情片	2017/6/20	02厅	SFC上海影城
8:30	午夜开放	97	埃德瓦・贝耶	剧情片	2017/6/20	03厅	SFC上海影城
10:30	娘子军传奇	110	孟奇	剧情片	2017/6/20	03厅	SFC上海影城
13:30	缉枪	104	徐兵	剧情片	2017/6/20	03厅	SFC上海影城
15:45	不成问题的问题	143	梅峰	剧情片	2017/6/20	03厅	SFC上海影城
18:30	最后一间房	96	高博	剧情片	2017/6/20	03厅	SFC上海影城
20:45	中国轮盘	96	赖纳・维尔纳・法斯宾德	剧情片	2017/6/20	03厅	SFC上海影城
10:30	乘风破浪	102	韩寒	剧情片	2017/6/20	07厅	SFC上海影城
13:30	石头	93	赵祥	剧情片	2017/6/20	07厅	SFC上海影城
15:45	河对岸是山	100	张跃龄	剧情片	2017/6/20	07厅	SFC上海影城
18:30	逆时营救	106	创	动作片	2017/6/20	07厅	SFC上海影城
20:45	荡寇风云	130	陈嘉上	动作片	2017/6/20	07厅	SFC上海影城
13:30	父子雄兵	103	袁卫东	剧情片	2017/6/21	07厅	AMG海上国际影城环球港店
13:30	父子雄兵	103	袁卫东	剧情片	2017/6/21	07厅	AMG海上国际影城环球港店
15:45	金爵国际参赛短片集1	112	诺曼?塔姆基维 等	剧情片	2017/6/21	07厅	AMG海上国际影城环球港店
18:30	艾娃	89	萨宾・纳拉斯	剧情片	2017/6/21	07厅	AMG海上国际影城环球港店
20:45	有些怪胎	97	伊恩・麦卡利斯特・麦克唐纳	剧情片	2017/6/21	07厅	AMG海上国际影城环球港店
13:30	盗火线 （4K）	170	迈克尔・曼	剧情片	2017/6/21	ATMOS厅	上海和平影都
18:30	异形	116	雷德利・斯科特	剧情片	2017/6/21	ATMOS厅	上海和平影都
20:45	异形2	138	詹姆斯・卡梅隆	剧情片	2017/6/21	ATMOS厅	上海和平影都
20:45	死侍 (IMAX)	108	提姆・米勒	剧情片	2017/6/21	IMAX厅	上海和平影都
13:30	金爵国际参赛短片集2	113	诺米?尼古拉斯 等	剧情片	2017/6/21	01厅	曹杨影城
15:45	红圈	140	让-皮埃尔・梅尔维尔	剧情片	2017/6/21	01厅	曹杨影城
18:30	重生	100	下村勇二	剧情片	2017/6/21	01厅	曹杨影城
20:45	金刚狼3：殊死一战（黑白版）	123	詹姆斯・曼高德	剧情片	2017/6/21	01厅	曹杨影城
8:30	空白的13年	71	斋藤工	剧情片	2017/6/21	01厅	SFC上海影城
10:30	海边的生与死	154	越川道夫	剧情片	2017/6/21	01厅	SFC上海影城
13:30	春宵苦短，少女前进吧！	93	汤浅政明	动画片	2017/6/21	01厅	SFC上海影城
15:45	忍之国	125	中村义洋	动作片	2017/6/21	01厅	SFC上海影城
18:30	深夜食堂 2	108	松冈锭司	剧情片	2017/6/21	01厅	SFC上海影城
20:45	攻壳机动队	83	押井守	动画片	2017/6/21	01厅	SFC上海影城
22:45	猜火车2	118	丹尼・博伊尔	剧情片	2017/6/21	01厅	SFC上海影城
8:30	酒会	71	莎莉・波特	剧情片	2017/6/21	02厅	SFC上海影城
13:30	普罗米修斯	123	雷德利・斯科特	剧情片	2017/6/21	02厅	SFC上海影城
15:45	在伟大的和可怕的世界	80	玛丽亚・格拉齐亚佩里亚#丹尼尔・马焦尼#劳拉・佩里尼	剧情片	2017/6/21	02厅	SFC上海影城
18:30	偷车贼	103	达伦・柯蒂斯	剧情片	2017/6/21	02厅	SFC上海影城
20:45	山之外	152	克里斯蒂安・蒙吉	剧情片	2017/6/21	02厅	SFC上海影城
8:30	流浪巴黎	82	多米尼克・阿贝尔#菲欧娜・戈登	剧情片	2017/6/21	03厅	SFC上海影城
10:30	有家	129	颢然	剧情片	2017/6/21	03厅	SFC上海影城
13:30	大雪冬至	89	邢潇	剧情片	2017/6/21	03厅	SFC上海影城
15:45	血战湘江	116	陈力	剧情片	2017/6/21	03厅	SFC上海影城
18:30	石头	93	赵祥	剧情片	2017/6/21	03厅	SFC上海影城
20:45	分贝人生	90	陈胜吉	剧情片	2017/6/21	03厅	SFC上海影城
10:30	睡沙发的人	78	龙飞	剧情片	2017/6/21	07厅	SFC上海影城
13:30	守灵	90	李东	剧情片	2017/6/21	07厅	SFC上海影城
15:45	被阳光移动的山脉	109	王强	剧情片	2017/6/21	07厅	SFC上海影城
18:30	金珠玛米	98	杨蕊	剧情片	2017/6/21	07厅	SFC上海影城
20:45	心语阳光	99	卢浩天	剧情片	2017/6/21	07厅	SFC上海影城
13:30	幻想曲 2000	74	皮克素特・亨特#保罗・布里齐	动画片	2017/6/21	06厅	上海百丽宫影城（环贸iapm店）
18:30	战舰波将金号	69	谢尔盖・爱森斯坦	剧情片	2017/6/21	06厅	上海百丽宫影城（环贸iapm店）
20:45	童使	112	清水崇	剧情片	2017/6/21	06厅	上海百丽宫影城（环贸iapm店）
8:30	最后安全	68	弗雷德・C. 纽梅耶#山姆・泰勒	剧情片	2017/6/21	01厅	上海大光明电影院
10:30	鼹鼠之歌2：香港狂骚曲	128	三池崇史	剧情片	2017/6/21	01厅	上海大光明电影院
13:30	花战	127	筱原哲雄	剧情片	2017/6/21	01厅	上海大光明电影院
15:45	3月的狮子 前篇	138	大友启史	剧情片	2017/6/21	01厅	上海大光明电影院
18:30	硬核亨利	97	伊利亚・奈舒勒	动作片	2017/6/21	01厅	上海大光明电影院
20:45	追忆	99	降旗康男	剧情片	2017/6/21	01厅	上海大光明电影院
20:45	追梦	104	萨米特・卡卡德	剧情片	2017/6/21	03厅	上海大光明电影院
15:45	小学生	106	埃莱娜・安吉尔	剧情片	2017/6/21	06厅	上影虹桥临空国际影城
18:30	爱，别，夏威夷	93	松村真吾	剧情片	2017/6/21	06厅	上影虹桥临空国际影城
20:45	油墨滋味	80	摩根・西蒙	剧情片	2017/6/21	06厅	上影虹桥临空国际影城
15:45	三轮浮生	128	保罗・维拉拉纳	剧情片	2017/6/21	07厅	上影虹桥临空国际影城
20:45	移民	99	阿曼・T・里亚希	剧情片	2017/6/21	07厅	上影虹桥临空国际影城
18:30	赫马・赫马：我等待你为我唱的那首歌	96	钦哲诺布	剧情片	2017/6/21	01厅	SFC上影影城（新衡山店）
20:45	驾驶	102	萨布	剧情片	2017/6/21	01厅	SFC上影影城（新衡山店）
18:30	索多玛120天的幕后事	113	戴维・格里科	剧情片	2017/6/21	07厅	SFC上影影城（永华店）
20:45	伟大的梦想	103	米歇尔・万努奇	剧情片	2017/6/21	07厅	SFC上影影城（永华店）
18:30	搜索者	119	约翰・福特	剧情片	2017/6/21	01厅	四平电影院
20:45	贾斯珀・琼斯	101	蕾切尔・帕金斯	剧情片	2017/6/21	01厅	四平电影院
18:30	天梯:蔡国强的艺术	74	凯文・麦克唐纳	纪录片	2017/6/21	01厅	光影车间・静安店
18:30	律法之地	91	尤西・希尔图宁	剧情片	2017/6/21	02厅	SFC上影影城（八佰伴店）
20:45	二十世纪女人	119	迈克・米尔斯	剧情片	2017/6/21	02厅	SFC上影影城（八佰伴店）
18:30	白蚁	96	朱贤哲	剧情片	2017/6/21	01厅	环球国际影城（崇明店）
18:30	狮子王 （3D）	89	罗杰・阿勒斯#罗伯・明科夫	动画片	2017/6/21	01厅	上海百丽宫影城（ifc商场店）
20:45	生在幼子	128	三岛有纪子	剧情片	2017/6/21	01厅	上海百丽宫影城（ifc商场店）
13:30	谢瑶环	90	马崇杰	剧情片	2017/6/21	观众厅	上海美琪大戏院
15:45	家族之苦2	114	山田洋次	剧情片	2017/6/21	观众厅	上海美琪大戏院
18:30	夜空总是最大密度的蓝色	108	石井裕也	剧情片	2017/6/21	观众厅	上海美琪大戏院
20:45	双峰镇：与火同行 （4K）	134	大卫・林奇	剧情片	2017/6/21	观众厅	上海美琪大戏院
18:30	公园	118	濑田夏树	剧情片	2017/6/21	05厅	保利国际影城上海世博店
20:45	玛丽亚	97	纳利・雷格拉	剧情片	2017/6/21	05厅	保利国际影城上海世博店
13:30	目击者之追凶	113	程伟豪	剧情片	2017/6/21	01厅	上海市沪北电影院
15:45	怒火救援	146	托尼・斯科特	剧情片	2017/6/21	01厅	上海市沪北电影院
18:30	藩篱	139	丹泽尔・华盛顿	剧情片	2017/6/21	01厅	上海市沪北电影院
10:30	本能寺酒店	119	铃木雅之	剧情片	2017/6/21	06厅	上海世纪友谊影城
13:30	亲吻与哭泣	94	肖恩・西斯特纳	剧情片	2017/6/21	06厅	上海世纪友谊影城
15:45	还我河山	130	颂乩・维拉曼	剧情片	2017/6/21	06厅	上海世纪友谊影城
18:30	契克	94	法提赫・阿金	剧情片	2017/6/21	06厅	上海世纪友谊影城
20:45	相爱一天	136	班庄・比辛达拿刚	剧情片	2017/6/21	06厅	上海世纪友谊影城
18:30	小飞象	64	宾・沙普斯坦#宾・沙普斯坦	动画片	2017/6/21	01厅	百美汇影城
20:45	赴汤蹈火	102	大卫・马肯兹	剧情片	2017/6/21	01厅	百美汇影城
18:30	德州之心	104	大卫・马克	剧情片	2017/6/21	10厅	上海宝山万达影城
20:45	沉默37人	82	普克・格拉斯特恩	剧情片	2017/6/21	10厅	上海宝山万达影城
18:30	比海更深	118	是枝裕和	剧情片	2017/6/21	06厅	上海兰生典尚影院
18:30	二胎风波	92	穆赫辛・阿卜杜瓦布	剧情片	2017/6/21	02厅	SFC上影影城（金桥太茂店）
20:45	纪念	91	巴沃・德弗恩	剧情片	2017/6/21	02厅	SFC上影影城（金桥太茂店）
18:30	追梦	104	萨米特・卡卡德	剧情片	2017/6/21	02厅	上海开元地中海影城
20:45	抱得美人归	101	罗伯特・卡夫利	剧情片	2017/6/21	02厅	上海开元地中海影城
18:30	萨拉瓦库	82	普利塔基塔・阿莉安妮	剧情片	2017/6/21	07厅	卢米埃上海紫荆影城
20:45	国王的选择	133	埃里克・普派	剧情片	2017/6/21	07厅	卢米埃上海紫荆影城
18:30	卡农	124	杂贺俊朗	剧情片	2017/6/21	01厅	上海百丽宫影城（协信店）
20:45	恶魔蛙男	132	大友启史	剧情片	2017/6/21	01厅	上海百丽宫影城（协信店）
18:30	赌徒鲍伯	103	让-皮埃尔・梅尔维尔	剧情片	2017/6/21	01厅	上海星光影城（亚新旗舰店）
20:45	午夜凶铃	96	中田秀夫	剧情片	2017/6/21	01厅	上海星光影城（亚新旗舰店）
10:30	雨月物语 （4K）	97	沟口健二	剧情片	2017/6/21	剧院厅	天山电影院-虹桥艺术中心旗舰店
15:45	西北偏北（4K）	137	阿尔弗雷德・希区柯克	剧情片	2017/6/21	剧院厅	天山电影院-虹桥艺术中心旗舰店
18:30	窗外 （4K）	108	郁正春#宋存寿	剧情片	2017/6/21	剧院厅	天山电影院-虹桥艺术中心旗舰店
20:45	暴雨将至	113	米尔科・曼彻夫斯基	剧情片	2017/6/21	剧院厅	天山电影院-虹桥艺术中心旗舰店
10:30	战地情爱	107	胡安・卡洛斯・韦索洛斯基	剧情片	2017/6/21	04厅	天山电影院-虹桥艺术中心旗舰店
15:45	翩翩人生波丽娜	112	昂热兰・普雷罗卡#瓦莱丽・穆勒	剧情片	2017/6/21	04厅	天山电影院-虹桥艺术中心旗舰店
18:30	何处是我朋友的家	83	阿巴斯・基亚罗斯塔米	剧情片	2017/6/21	04厅	天山电影院-虹桥艺术中心旗舰店
20:45	犯罪行为	98	亚历山德罗・皮瓦	剧情片	2017/6/21	04厅	天山电影院-虹桥艺术中心旗舰店
18:30	阿拉丁	90	罗恩・克莱门兹#约翰・马斯克	动画片	2017/6/21	03厅	星光映会影城（上海体育场店）
20:45	相爱一天	136	班庄・比辛达拿刚	剧情片	2017/6/21	03厅	星光映会影城（上海体育场店）
18:30	正午	85	弗雷德・金尼曼	剧情片	2017/6/21	02厅	朵云轩杜比全景声影城
20:45	母亲们	130	米尔科・曼彻夫斯基	剧情片	2017/6/21	02厅	朵云轩杜比全景声影城
18:30	军中信	105	巴里斯・克勒姆谢利奥卢	剧情片	2017/6/21	04厅	星美正大影城
20:45	红粉惊魂	136	安鲁达・罗伊・乔杜	剧情片	2017/6/21	04厅	星美正大影城
18:30	含羞草	93	奥利维尔・拉克谢	剧情片	2017/6/21	05厅	SFC上影影城（百联又一城店）
20:45	尘土	125	米尔科・曼彻夫斯基	剧情片	2017/6/21	05厅	SFC上影影城（百联又一城店）
18:30	芭蕾芭蕾	121	安娜・马提森	剧情片	2017/6/21	Luxe厅	上海百老汇影城（宝龙店）
20:45	超级黑暗时代	98	凯文・菲利普斯	剧情片	2017/6/21	Luxe厅	上海百老汇影城（宝龙店）
18:30	疯狂之恋	90	迈克尔・罗塞尔	剧情片	2017/6/21	06厅	青浦大光明新国际影院
20:45	1000小时的夜晚	93	维吉尔・维德里希	剧情片	2017/6/21	06厅	青浦大光明新国际影院
18:30	恐惧吞噬灵魂	92	赖纳・维尔纳・法斯宾德	剧情片	2017/6/21	02厅	国泰电影院
20:45	情圣返乡	95	尼科・奇拉索拉	剧情片	2017/6/21	02厅	国泰电影院
18:30	橄榄树下的情人	103	阿巴斯・基亚罗斯塔米	剧情片	2017/6/21	01厅	大上海电影院
20:45	合法副本	106	阿巴斯・基亚罗斯塔米	剧情片	2017/6/21	01厅	大上海电影院
18:30	胡说小镇	82	维特・荷默	剧情片	2017/6/21	04厅	AMG海上明珠国际影城（莘庄店）
20:45	沉默的羔羊	121	乔纳森・戴米	剧情片	2017/6/21	04厅	AMG海上明珠国际影城（莘庄店）
18:30	恋妻家宫本	117	游川和彦	剧情片	2017/6/21	01厅	上海UME新天地国际影城
20:45	寂寞芳心	140	赖纳・维尔纳・法斯宾德	剧情片	2017/6/21	01厅	上海UME新天地国际影城
18:30	瑞士军刀男	97	丹・关#丹尼尔・施纳特	剧情片	2017/6/21	03厅	嘉定影剧院
20:45	狂鼠	103	乔瑟夫・哈德	剧情片	2017/6/21	03厅	嘉定影剧院
18:30	陌生之地	92	哈什亚尔・莫斯塔法维	剧情片	2017/6/21	05厅	华士达影城（徐汇店）
20:45	冷酷的心	120	约翰内斯・纳贝	剧情片	2017/6/21	05厅	华士达影城（徐汇店）
18:30	那般良夜	92	埃里克・斯泰尔斯	剧情片	2017/6/21	04厅	兰馨・悦立方影城
18:30	周日皇后	95	贝比・茹丝・维拉拉玛	纪录片	2017/6/21	05厅	SFC上影影城（南桥百联店）
20:45	墙里的声音	95	艾瑞克・D・豪威尔	剧情片	2017/6/21	05厅	SFC上影影城（南桥百联店）
18:30	美女与野兽 （3D）	92	柯克・维斯#加里・特洛斯达勒	动画片	2017/6/21	04厅	SFC上影影城（喜玛拉雅店）
20:45	同步	84	万田邦敏	剧情片	2017/6/21	04厅	SFC上影影城（喜玛拉雅店）
18:30	复仇记	97	帕托・特莱利亚	剧情片	2017/6/21	01厅	金逸影城上海虹口龙之梦IMAX店
20:45	魔鬼时光	115	莱纳・萨尼特	剧情片	2017/6/21	01厅	金逸影城上海虹口龙之梦IMAX店
18:30	卡麦拉之情	81	伊利亚・乌契杰利	剧情片	2017/6/21	01厅	SFC上影影城（美罗城店）
20:45	静默之下	112	萨哈尔・沙维特#埃雷兹・米兹拉希	剧情片	2017/6/21	01厅	SFC上影影城（美罗城店）
13:30	绝世高手	110	卢正雨	剧情片	2017/6/22	07厅	AMG海上国际影城环球港店
15:45	小熊维尼	63	唐・霍尔#斯蒂芬・J・安德森	动画片	2017/6/22	07厅	AMG海上国际影城环球港店
18:30	只是查理	100	里贝卡・福琼	剧情片	2017/6/22	07厅	AMG海上国际影城环球港店
20:45	同步	84	万田邦敏	剧情片	2017/6/22	07厅	AMG海上国际影城环球港店
8:30	雨月物语 （4K）	97	沟口健二	剧情片	2017/6/22	01厅	上海大光明电影院
10:30	驱魔人	132	威廉・弗莱德金	剧情片	2017/6/22	01厅	上海大光明电影院
13:30	比海更深	118	是枝裕和	剧情片	2017/6/22	01厅	上海大光明电影院
15:45	3月的狮子 后篇	140	大友启史	剧情片	2017/6/22	01厅	上海大光明电影院
18:30	攻壳机动队	83	押井守	动画片	2017/6/22	01厅	上海大光明电影院
20:45	双峰镇：与火同行 （4K）	134	大卫・林奇	剧情片	2017/6/22	01厅	上海大光明电影院
13:30	黄金花	105	陈大利	剧情片	2017/6/22	02厅	上海大光明电影院
18:30	世界顶级牌术师	86	卢克・科勒姆	纪录片	2017/6/22	02厅	上海大光明电影院
20:45	爆头	119	奇摩・斯丹波尔#提莫・塔哈亚托	剧情片	2017/6/22	02厅	上海大光明电影院
18:30	死亡的体验	88	拉娜・威尔逊	纪录片	2017/6/22	03厅	上海大光明电影院
13:30	看不见的客人	106	奥利奥尔・保罗	剧情片	2017/6/22	ATMOS厅	上海和平影都
15:45	鼹鼠之歌2：香港狂骚曲	128	三池崇史	剧情片	2017/6/22	ATMOS厅	上海和平影都
18:30	樱桃的滋味	98	阿巴斯・基亚罗斯塔米	剧情片	2017/6/22	ATMOS厅	上海和平影都
20:45	胡丽叶塔	99	佩德罗・阿莫多瓦	剧情片	2017/6/22	ATMOS厅	上海和平影都
20:45	少年派的奇幻漂流 (IMAX/3D)	129	李安	剧情片	2017/6/22	IMAX厅	上海和平影都
9:00	宾虚（4K）	212	威廉・惠勒	剧情片	2017/6/22	01厅	SFC上海影城
13:30	22年的自白：我是杀人犯	117	入江悠	剧情片	2017/6/22	01厅	SFC上海影城
15:45	这个杀手不太冷 （4K）	132	吕克・贝松	剧情片	2017/6/22	01厅	SFC上海影城
18:30	曼哈顿 （4K）	97	伍迪・艾伦	剧情片	2017/6/22	01厅	SFC上海影城
20:45	她	131	保罗・范霍文	剧情片	2017/6/22	01厅	SFC上海影城
8:30	正午	85	弗雷德・金尼曼	剧情片	2017/6/22	02厅	SFC上海影城
10:30	生存家族	117	矢口史靖	剧情片	2017/6/22	02厅	SFC上海影城
13:30	哀苦心事	85	莫斯塔法・萨瓦尔・法罗齐	剧情片	2017/6/22	02厅	SFC上海影城
15:45	三轮浮生	128	保罗・维拉拉纳	剧情片	2017/6/22	02厅	SFC上海影城
18:30	弗兰兹	111	弗朗索瓦・欧容	剧情片	2017/6/22	02厅	SFC上海影城
20:45	藩篱	139	丹泽尔・华盛顿	剧情片	2017/6/22	02厅	SFC上海影城
8:30	重访蓝丝绒	85	彼得・布拉茨	纪录片	2017/6/22	03厅	SFC上海影城
10:30	安娜・卡列尼娜与她的情人	138	卡伦・沙赫纳扎罗夫	剧情片	2017/6/22	03厅	SFC上海影城
13:30	“感恩而死”的漫长旅程	242	埃米尔・巴尔-列维	纪录片	2017/6/22	03厅	SFC上海影城
20:45	他们最好的	117	罗勒・莎菲	剧情片	2017/6/22	03厅	SFC上海影城
10:30	最后一间房	96	高博	剧情片	2017/6/22	07厅	SFC上海影城
13:30	三线好青年	92	刘放	剧情片	2017/6/22	07厅	SFC上海影城
15:45	清水里的刀子	93	王学博	剧情片	2017/6/22	07厅	SFC上海影城
18:30	别离	90	彭韬	剧情片	2017/6/22	07厅	SFC上海影城
20:45	捍卫者	111	廖希#韩平	剧情片	2017/6/22	07厅	SFC上海影城
15:45	展映短片集	149	胡 伟等	剧情片	2017/6/22	01厅	曹杨影城
20:45	搏击俱乐部	139	大卫・芬奇	剧情片	2017/6/22	01厅	曹杨影城
15:45	梦中人	134	马可・贝罗奇奥	剧情片	2017/6/22	06厅	上影虹桥临空国际影城
18:30	险恶的运气	114	斯特凡・豪普	剧情片	2017/6/22	06厅	上影虹桥临空国际影城
20:45	模拟	84	阿比德・阿比斯特	剧情片	2017/6/22	06厅	上影虹桥临空国际影城
15:45	加利和拉特纳	112	卢奇・库斯旺帝	剧情片	2017/6/22	07厅	上影虹桥临空国际影城
18:30	阿里的婚礼	110	杰弗里・沃克	剧情片	2017/6/22	07厅	上影虹桥临空国际影城
20:45	偷车贼	103	达伦・柯蒂斯	剧情片	2017/6/22	07厅	上影虹桥临空国际影城
18:30	奇迹，那天如此重要	111	兼重淳	剧情片	2017/6/22	01厅	SFC上影影城（新衡山店）
20:45	沉默的羔羊	121	乔纳森・戴米	剧情片	2017/6/22	01厅	SFC上影影城（新衡山店）
18:30	摇摇晃晃的人间	89	范俭	纪录片	2017/6/22	07厅	SFC上影影城（永华店）
20:45	残影余像 （4K）	100	安杰依・瓦伊达	剧情片	2017/6/22	07厅	SFC上影影城（永华店）
18:30	奇迹	128	成龙	剧情片	2017/6/22	01厅	四平电影院
20:45	欢迎来到德国	117	西蒙・范霍文	剧情片	2017/6/22	01厅	四平电影院
18:30	周日皇后	95	贝比・茹丝・维拉拉玛	纪录片	2017/6/22	01厅	光影车间・静安店
20:45	东京偶像	88	三宅响子	纪录片	2017/6/22	01厅	光影车间・静安店
18:30	搜索者	119	约翰・福特	剧情片	2017/6/22	02厅	SFC上影影城（八佰伴店）
20:45	母亲们	130	米尔科・曼彻夫斯基	剧情片	2017/6/22	02厅	SFC上影影城（八佰伴店）
18:30	布里斯比熊	98	戴夫・麦卡里	剧情片	2017/6/22	01厅	上海百丽宫影城（ifc商场店）
20:45	雪女	97	杉野希妃	剧情片	2017/6/22	01厅	上海百丽宫影城（ifc商场店）
13:30	白雪公主和七个小矮人	83	戴维・D・汉德	动画片	2017/6/22	观众厅	上海美琪大戏院
15:45	乾坤福寿镜	120	萧锋#肖朗	剧情片	2017/6/22	观众厅	上海美琪大戏院
18:30	热情似火	122	比利・怀尔德	剧情片	2017/6/22	观众厅	上海美琪大戏院
20:45	暴雨将至	113	米尔科・曼彻夫斯基	剧情片	2017/6/22	观众厅	上海美琪大戏院
18:30	隧道尽头	120	罗德里戈・格兰德	剧情片	2017/6/22	05厅	保利国际影城上海世博店
20:45	死亡笔记：点亮新世界	135	佐藤信介	剧情片	2017/6/22	05厅	保利国际影城上海世博店
13:30	危机72小时	103	亚历山大・卡萨特金	剧情片	2017/6/22	01厅	上海市沪北电影院
15:45	普罗米修斯	123	雷德利・斯科特	剧情片	2017/6/22	01厅	上海市沪北电影院
18:30	柏林危机	91	肯・杜肯	剧情片	2017/6/22	01厅	上海市沪北电影院
20:45	硬核亨利	97	伊利亚・奈舒勒	动作片	2017/6/22	01厅	上海市沪北电影院
10:30	无名女孩	107	让-皮埃尔・达内#吕克・达内	剧情片	2017/6/22	06厅	上海世纪友谊影城
13:30	黎明之前	106	玛丽亚・ 施拉德	剧情片	2017/6/22	06厅	上海世纪友谊影城
15:45	圣之青春	124	森义隆	剧情片	2017/6/22	06厅	上海世纪友谊影城
18:30	德州之心	104	大卫・马克	剧情片	2017/6/22	06厅	上海世纪友谊影城
20:45	二十世纪女人	119	迈克・米尔斯	剧情片	2017/6/22	06厅	上海世纪友谊影城
18:30	至爱梵高	95	多洛塔・科别拉#休・韦尔什曼	动画片	2017/6/22	01厅	百美汇影城
20:45	情圣返乡	95	尼科・奇拉索拉	剧情片	2017/6/22	01厅	百美汇影城
18:30	生存家族	117	矢口史靖	剧情片	2017/6/22	10厅	上海宝山万达影城
20:45	夜色人生 （4K）	129	本・阿弗莱克	剧情片	2017/6/22	10厅	上海宝山万达影城
18:30	带我回家+与阿巴斯・基亚罗斯塔米的76分15秒	93	塞福拉・萨马第恩#阿巴斯・基亚罗斯塔米	剧情片	2017/6/22	06厅	上海兰生典尚影院
18:30	独眼王	86	马克・格雷休特	剧情片	2017/6/22	02厅	SFC上影影城（金桥太茂店）
20:45	可怕的战争	71	卢卡・米西#朱利亚・布拉柴耶	剧情片	2017/6/22	02厅	SFC上影影城（金桥太茂店）
18:30	阿里，山羊与阿伯拉希姆	90	谢里夫・阿尔・本达里	剧情片	2017/6/22	02厅	上海开元地中海影城
20:45	意外	89	马汀・马利亚・斯密特	剧情片	2017/6/22	02厅	上海开元地中海影城
18:30	愚行录	120	石川庆	剧情片	2017/6/22	07厅	卢米埃上海紫荆影城
20:45	兰在 1974	82	S.J. 奇罗	剧情片	2017/6/22	07厅	卢米埃上海紫荆影城
18:30	重生	100	下村勇二	剧情片	2017/6/22	01厅	上海百丽宫影城（协信店）
20:45	图书馆自杀事件	87	尤若斯・林恩	剧情片	2017/6/22	01厅	上海百丽宫影城（协信店）
18:30	一切为了一个女孩 （4K）	98	安德里亚・莫莱奥尼	剧情片	2017/6/22	01厅	上海星光影城（亚新旗舰店）
20:45	沉默 （4K）	161	马丁・斯科塞斯	剧情片	2017/6/22	01厅	上海星光影城（亚新旗舰店）
10:30	红圈	140	让-皮埃尔・梅尔维尔	剧情片	2017/6/22	剧院厅	天山电影院-虹桥艺术中心旗舰店
13:30	终极斗士4	86	托多尔・查卡诺夫	动作片	2017/6/22	剧院厅	天山电影院-虹桥艺术中心旗舰店
15:45	自杀小队	123	大卫・阿耶	动作片	2017/6/22	剧院厅	天山电影院-虹桥艺术中心旗舰店
18:30	跑调天后	111	斯蒂芬・弗雷斯	剧情片	2017/6/22	剧院厅	天山电影院-虹桥艺术中心旗舰店
20:45	童使	112	清水崇	剧情片	2017/6/22	剧院厅	天山电影院-虹桥艺术中心旗舰店
10:30	好时光	102	本・萨弗迪#约书亚・萨弗迪	剧情片	2017/6/22	04厅	天山电影院-虹桥艺术中心旗舰店
13:30	K女士	97	何宇恒	动作片	2017/6/22	04厅	天山电影院-虹桥艺术中心旗舰店
20:45	中国轮盘	96	赖纳・维尔纳・法斯宾德	剧情片	2017/6/22	04厅	天山电影院-虹桥艺术中心旗舰店
18:30	褐红	95	普尔克特	剧情片	2017/6/22	03厅	星光映会影城（上海体育场店）
20:45	斯科普里的解放	111	拉德・舍博德兹加#达尼洛・舍博德兹加	剧情片	2017/6/22	03厅	星光映会影城（上海体育场店）
18:30	小飞象	64	宾・沙普斯坦#宾・沙普斯坦	动画片	2017/6/22	02厅	朵云轩杜比全景声影城
20:45	普通人	141	爱德华多・W・罗伊	剧情片	2017/6/22	02厅	朵云轩杜比全景声影城
18:30	特写	99	阿巴斯・基亚罗斯塔米	剧情片	2017/6/22	06厅	上海百丽宫影城（环贸iapm店）
20:45	受伤的心	142	拉杜・裘德	剧情片	2017/6/22	06厅	上海百丽宫影城（环贸iapm店）
18:30	疯狂之恋	90	迈克尔・罗塞尔	剧情片	2017/6/22	04厅	星美正大影城
20:45	超级黑暗时代	98	凯文・菲利普斯	剧情片	2017/6/22	04厅	星美正大影城
18:30	美女与野兽 （3D）	92	柯克・维斯#加里・特洛斯达勒	动画片	2017/6/22	05厅	SFC上影影城（百联又一城店）
20:45	曼谷之夜	183	富田克也	剧情片	2017/6/22	05厅	SFC上影影城（百联又一城店）
18:30	没有屋顶的房子	117	索琳・尤瑟夫	剧情片	2017/6/22	Luxe厅	上海百老汇影城（宝龙店）
20:45	宝拉	123	克利斯蒂安・施沃乔	剧情片	2017/6/22	Luxe厅	上海百老汇影城（宝龙店）
20:45	亲吻与哭泣	94	肖恩・西斯特纳	剧情片	2017/6/22	06厅	青浦大光明新国际影院
18:30	大黎明	100	让-皮埃尔・梅尔维尔	剧情片	2017/6/22	02厅	国泰电影院
20:45	残酷青春	103	瓦尔丹・托兹加	剧情片	2017/6/22	02厅	国泰电影院
18:30	盗信情缘	110	萨布	剧情片	2017/6/22	01厅	大上海电影院
20:45	乱莺	134	出海拓治	剧情片	2017/6/22	01厅	大上海电影院
18:30	东京风之交响乐团	75	坂下雄一郎	剧情片	2017/6/22	04厅	AMG海上明珠国际影城（莘庄店）
20:45	小镇惊魂	72	查洋・伊塔亚都邦	剧情片	2017/6/22	04厅	AMG海上明珠国际影城（莘庄店）
18:30	疾风回旋曲	109	吉田照幸	剧情片	2017/6/22	01厅	上海UME新天地国际影城
20:45	世界旦夕之间	212	赖纳・维尔纳・法斯宾德	剧情片	2017/6/22	01厅	上海UME新天地国际影城
18:30	流浪猫鲍勃	103	罗杰・斯波蒂斯伍德	剧情片	2017/6/22	03厅	嘉定影剧院
20:45	怒火救援	146	托尼・斯科特	剧情片	2017/6/22	03厅	嘉定影剧院
18:30	复仇记	97	帕托・特莱利亚	剧情片	2017/6/22	05厅	华士达影城（徐汇店）
20:45	A山节考	131	今村昌平	剧情片	2017/6/22	05厅	华士达影城（徐汇店）
18:30	抱得美人归	101	罗伯特・卡夫利	剧情片	2017/6/22	05厅	SFC上影影城（南桥百联店）
20:45	为善而归	91	米娅・斯宾格勒	剧情片	2017/6/22	05厅	SFC上影影城（南桥百联店）
18:30	将来的事	101	米娅・汉森-洛夫	剧情片	2017/6/22	04厅	SFC上影影城（喜玛拉雅店）
20:45	监狱之花	109	克劳迪欧・吉瓦内斯	剧情片	2017/6/22	04厅	SFC上影影城（喜玛拉雅店）
18:30	风波再起	115	丹尼尔・迪马克	剧情片	2017/6/22	01厅	金逸影城上海虹口龙之梦IMAX店
20:45	八月的雾	127	凯伊・威索	剧情片	2017/6/22	01厅	金逸影城上海虹口龙之梦IMAX店
18:30	小美人鱼	83	罗恩・克莱蒙兹#约翰・马斯克	动画片	2017/6/22	01厅	SFC上影影城（美罗城店）
10:30	卡拉瓦乔	93	德里克・贾曼	剧情片	2017/6/23	ATMOS厅	上海和平影都
13:30	至爱梵高	95	多洛塔・科别拉#休・韦尔什曼	动画片	2017/6/23	ATMOS厅	上海和平影都
15:45	博斯，梦幻花园	86	何塞・路易・洛佩-莱	纪录片	2017/6/23	ATMOS厅	上海和平影都
20:45	低俗小说	154	昆汀・塔伦蒂诺	剧情片	2017/6/23	ATMOS厅	上海和平影都
8:30	将军号 （4K）	80	克莱德・布鲁克曼#巴斯特・基顿	剧情片	2017/6/23	01厅	SFC上海影城
10:30	警察和我	125	广木隆一	剧情片	2017/6/23	01厅	SFC上海影城
13:30	恋妻家宫本	117	游川和彦	剧情片	2017/6/23	01厅	SFC上海影城
15:45	人生密密缝	128	荻上直子	剧情片	2017/6/23	01厅	SFC上海影城
18:30	死侍	108	提姆・米勒	剧情片	2017/6/23	01厅	SFC上海影城
20:45	追忆	99	降旗康男	剧情片	2017/6/23	01厅	SFC上海影城
22:45	搏击俱乐部	139	大卫・芬奇	剧情片	2017/6/23	01厅	SFC上海影城
8:30	最后安全	68	弗雷德・C. 纽梅耶#山姆・泰勒	剧情片	2017/6/23	02厅	SFC上海影城
10:30	冰之下	123	蔡尚君	剧情片	2017/6/23	02厅	SFC上海影城
13:30	哈尔姆斯	96	伊万・布洛茨尼科夫	剧情片	2017/6/23	02厅	SFC上海影城
15:45	我是杀人犯	112	马赛・皮耶普莱兹卡	剧情片	2017/6/23	02厅	SFC上海影城
18:30	夜空总是最大密度的蓝色	108	石井裕也	剧情片	2017/6/23	02厅	SFC上海影城
20:45	A山节考	131	今村昌平	剧情片	2017/6/23	02厅	SFC上海影城
8:30	柏林危机	91	肯・杜肯	剧情片	2017/6/23	03厅	SFC上海影城
10:30	秘密手稿	109	吉姆・谢里丹	剧情片	2017/6/23	03厅	SFC上海影城
13:30	目击者之追凶	113	程伟豪	剧情片	2017/6/23	03厅	SFC上海影城
15:45	对比：肯・洛奇的生活和影片	94	露易丝・奥斯蒙德	纪录片	2017/6/23	03厅	SFC上海影城
20:45	爱比死更冷	89	赖纳・维尔纳・法斯宾德	剧情片	2017/6/23	03厅	SFC上海影城
9:00	大决战1：辽沈战役	223	李俊#杨光远	剧情片	2017/6/23	07厅	SFC上海影城
13:30	命运速递	91	李非	剧情片	2017/6/23	07厅	SFC上海影城
15:45	伊犁河谷	110	金韬	剧情片	2017/6/23	07厅	SFC上海影城
18:30	你在哪	103	樊昊仑	剧情片	2017/6/23	07厅	SFC上海影城
9:00	盗火线 （4K）	170	迈克尔・曼	剧情片	2017/6/23	01厅	上海大光明电影院
13:30	七武士 （4K）	207	黑泽明	剧情片	2017/6/23	01厅	上海大光明电影院
18:30	春宵苦短，少女前进吧！	93	汤浅政明	动画片	2017/6/23	01厅	上海大光明电影院
20:45	午夜凶铃	96	中田秀夫	剧情片	2017/6/23	01厅	上海大光明电影院
22:45	屏住呼吸	88	费德・阿尔瓦雷兹	剧情片	2017/6/23	01厅	上海大光明电影院
18:30	分贝人生	90	陈胜吉	剧情片	2017/6/23	02厅	上海大光明电影院
20:45	重访蓝丝绒	85	彼得・布拉茨	纪录片	2017/6/23	02厅	上海大光明电影院
15:45	生化危机：终章	106	保罗・安德森	剧情片	2017/6/23	03厅	上海大光明电影院
18:30	生活，动画	92	罗杰・罗斯・威廉姆斯	纪录片	2017/6/23	03厅	上海大光明电影院
20:45	加利和拉特纳	112	卢奇・库斯旺帝	剧情片	2017/6/23	03厅	上海大光明电影院
10:30	黑客帝国	137	拉娜・沃卓斯基#莉莉・沃卓斯基	剧情片	2017/6/23	01厅	曹杨影城
13:00	黑客帝国2：重装上阵	138	莉莉・沃卓斯基#拉娜・沃卓斯基	剧情片	2017/6/23	01厅	曹杨影城
15:45	黑客帝国3：矩阵革命	129	拉娜・沃卓斯基#莉莉・沃卓斯基	剧情片	2017/6/23	01厅	曹杨影城
18:30	父亲与伊藤先生	119	棚田由纪	剧情片	2017/6/23	01厅	曹杨影城
20:45	硬核亨利	97	伊利亚・奈舒勒	动作片	2017/6/23	01厅	曹杨影城
15:45	眼线	109	让-皮埃尔・梅尔维尔	剧情片	2017/6/23	01厅	大上海电影院
18:30	哈吉布基的森林冒险	76	拉斯姆斯・A・西韦特	动画片	2017/6/23	01厅	大上海电影院
13:30	昼行闪耀的流星	119	新城毅彦	剧情片	2017/6/23	02厅	SFC上影影城（八佰伴店）
18:30	猫忍	96	渡边武	剧情片	2017/6/23	02厅	SFC上影影城（八佰伴店）
20:45	情圣返乡	95	尼科・奇拉索拉	剧情片	2017/6/23	02厅	SFC上影影城（八佰伴店）
13:30	爱，别，夏威夷	93	松村真吾	剧情片	2017/6/23	07厅	SFC上影影城（永华店）
15:45	黄金花	105	陈大利	剧情片	2017/6/23	07厅	SFC上影影城（永华店）
18:30	何处是我朋友的家	83	阿巴斯・基亚罗斯塔米	剧情片	2017/6/23	07厅	SFC上影影城（永华店）
20:45	随风而逝	118	阿巴斯・基亚罗斯塔米	剧情片	2017/6/23	07厅	SFC上影影城（永华店）
13:30	强尼・凯克	105	黄熙	剧情片	2017/6/23	01厅	百美汇影城
18:30	完全陌生	92	乔舒华・雅各布・玛斯	剧情片	2017/6/23	01厅	百美汇影城
20:45	他们最好的	117	罗勒・莎菲	剧情片	2017/6/23	01厅	百美汇影城
18:30	小飞象	64	宾・沙普斯坦#宾・沙普斯坦	动画片	2017/6/23	06厅	上影虹桥临空国际影城
20:45	占有欲	94	蒂尼・图尔曼	剧情片	2017/6/23	06厅	上影虹桥临空国际影城
15:45	罗比和托比的奇幻冒险	101	沃夫冈・格罗斯	剧情片	2017/6/23	07厅	上影虹桥临空国际影城
20:45	玛丽亚	97	纳利・雷格拉	剧情片	2017/6/23	07厅	上影虹桥临空国际影城
18:30	重生	100	下村勇二	剧情片	2017/6/23	01厅	SFC上影影城（新衡山店）
20:45	猜火车2	118	丹尼・博伊尔	剧情片	2017/6/23	01厅	SFC上影影城（新衡山店）
18:30	小鹿斑比	70	戴维・D・汉德	动画片	2017/6/23	01厅	四平电影院
20:45	国王的选择	133	埃里克・普派	剧情片	2017/6/23	01厅	四平电影院
18:30	岗拉梅朵	87	扎西青朋	纪录片	2017/6/23	01厅	光影车间・静安店
20:45	好邮差	82	托尼斯拉夫・赫里斯托	纪录片	2017/6/23	01厅	光影车间・静安店
18:30	贝拉的奇幻花园	93	西蒙・阿布德	剧情片	2017/6/23	01厅	上海百丽宫影城（ifc商场店）
20:45	兰在 1974	82	S.J. 奇罗	剧情片	2017/6/23	01厅	上海百丽宫影城（ifc商场店）
13:30	雨月物语 （4K）	97	沟口健二	剧情片	2017/6/23	观众厅	上海美琪大戏院
15:45	相棒剧场版4	120	桥本一	剧情片	2017/6/23	观众厅	上海美琪大戏院
18:30	莱昂莫汉神父 （4K）	129	让-皮埃尔・梅尔维尔	剧情片	2017/6/23	观众厅	上海美琪大戏院
20:45	搏击俱乐部	139	大卫・芬奇	剧情片	2017/6/23	观众厅	上海美琪大戏院
18:30	另一个世界	87	弗洛里安・施内尔	剧情片	2017/6/23	05厅	保利国际影城上海世博店
20:45	起义者	127	佐尼特萨-索菲亚・波波奇切娃	剧情片	2017/6/23	05厅	保利国际影城上海世博店
15:45	失控的生活	103	纳维德・达内施	剧情片	2017/6/23	07厅	AMG海上国际影城环球港店
18:30	燕子号与亚马逊号	98	菲莉帕・洛索普	剧情片	2017/6/23	07厅	AMG海上国际影城环球港店
20:45	普通人	141	爱德华多・W・罗伊	剧情片	2017/6/23	07厅	AMG海上国际影城环球港店
13:30	好时光	102	本・萨弗迪#约书亚・萨弗迪	剧情片	2017/6/23	01厅	上海市沪北电影院
15:45	真田十勇士	134	堤幸彦	剧情片	2017/6/23	01厅	上海市沪北电影院
18:30	我是杀人犯	112	马赛・皮耶普莱兹卡	剧情片	2017/6/23	01厅	上海市沪北电影院
20:45	爆头	119	奇摩・斯丹波尔#提莫・塔哈亚托	剧情片	2017/6/23	01厅	上海市沪北电影院
10:30	布里斯比熊	98	戴夫・麦卡里	剧情片	2017/6/23	06厅	上海世纪友谊影城
13:30	残影余像 （4K）	100	安杰依・瓦伊达	剧情片	2017/6/23	06厅	上海世纪友谊影城
15:45	夜色人生 （4K）	129	本・阿弗莱克	剧情片	2017/6/23	06厅	上海世纪友谊影城
18:30	一切为了一个女孩 （4K）	98	安德里亚・莫莱奥尼	剧情片	2017/6/23	06厅	上海世纪友谊影城
20:45	沉默的羔羊	121	乔纳森・戴米	剧情片	2017/6/23	06厅	上海世纪友谊影城
18:30	完美陌生人	97	保罗・格诺维瑟	剧情片	2017/6/23	10厅	上海宝山万达影城
20:45	橡皮头 （4K）	90	大卫・林奇	剧情片	2017/6/23	10厅	上海宝山万达影城
18:30	合法副本	106	阿巴斯・基亚罗斯塔米	剧情片	2017/6/23	06厅	上海兰生典尚影院
18:30	母爱清单	102	尼尔・约翰逊	剧情片	2017/6/23	02厅	SFC上影影城（金桥太茂店）
20:45	柏林叛逆高中	93	亚历山大・克雷德	纪录片	2017/6/23	02厅	SFC上影影城（金桥太茂店）
18:30	我的侏儒父亲	99	埃维・戈德布鲁纳#约阿希姆・多尔科夫	剧情片	2017/6/23	02厅	上海开元地中海影城
20:45	为善而归	91	米娅・斯宾格勒	剧情片	2017/6/23	02厅	上海开元地中海影城
18:30	时空旅行	93	海登・J・威尔	剧情片	2017/6/23	07厅	卢米埃上海紫荆影城
20:45	雌雄大盗	111	阿瑟・佩恩	剧情片	2017/6/23	07厅	卢米埃上海紫荆影城
18:30	宝贵时光	87	达恩・巴克克	剧情片	2017/6/23	01厅	上海百丽宫影城（协信店）
20:45	有些怪胎	97	伊恩・麦卡利斯特・麦克唐纳	剧情片	2017/6/23	01厅	上海百丽宫影城（协信店）
18:30	穿普拉达的女王	110	大卫・弗兰科尔	剧情片	2017/6/23	01厅	上海星光影城（亚新旗舰店）
20:45	三轮浮生	128	保罗・维拉拉纳	剧情片	2017/6/23	01厅	上海星光影城（亚新旗舰店）
10:30	3月的狮子 前篇	138	大友启史	剧情片	2017/6/23	剧院厅	天山电影院-虹桥艺术中心旗舰店
13:30	佛罗伦萨与乌菲兹美术馆 （3D）	91	卢卡・维奥托	纪录片	2017/6/23	剧院厅	天山电影院-虹桥艺术中心旗舰店
15:45	阿尔及尔之战 （4K）	121	吉洛・彭特克沃	剧情片	2017/6/23	剧院厅	天山电影院-虹桥艺术中心旗舰店
18:30	奇迹，那天如此重要	111	兼重淳	剧情片	2017/6/23	剧院厅	天山电影院-虹桥艺术中心旗舰店
20:45	她	131	保罗・范霍文	剧情片	2017/6/23	剧院厅	天山电影院-虹桥艺术中心旗舰店
10:30	白雪公主和七个小矮人	83	戴维・D・汉德	动画片	2017/6/23	04厅	天山电影院-虹桥艺术中心旗舰店
15:45	安娜・卡列尼娜与她的情人	138	卡伦・沙赫纳扎罗夫	剧情片	2017/6/23	04厅	天山电影院-虹桥艺术中心旗舰店
18:30	秘密决定	96	奥利维尔・阿塞林	剧情片	2017/6/23	04厅	天山电影院-虹桥艺术中心旗舰店
20:45	受伤的心	142	拉杜・裘德	剧情片	2017/6/23	04厅	天山电影院-虹桥艺术中心旗舰店
18:30	疯狂之恋	90	迈克尔・罗塞尔	剧情片	2017/6/23	03厅	星光映会影城（上海体育场店）
20:45	犯罪行为	98	亚历山德罗・皮瓦	剧情片	2017/6/23	03厅	星光映会影城（上海体育场店）
18:30	契克	94	法提赫・阿金	剧情片	2017/6/23	02厅	朵云轩杜比全景声影城
20:45	墓地情歌	141	廖忠权	剧情片	2017/6/23	02厅	朵云轩杜比全景声影城
18:30	夫妻财产	101	乔克姆・拉弗塞	剧情片	2017/6/23	06厅	上海百丽宫影城（环贸iapm店）
20:45	图书馆自杀事件	87	尤若斯・林恩	剧情片	2017/6/23	06厅	上海百丽宫影城（环贸iapm店）
18:30	小熊维尼	63	唐・霍尔#斯蒂芬・J・安德森	动画片	2017/6/23	04厅	星美正大影城
20:45	突然20岁	130	阿利亚・西瑞汗	剧情片	2017/6/23	04厅	星美正大影城
18:30	冷酷的心	120	约翰内斯・纳贝	剧情片	2017/6/23	05厅	SFC上影影城（百联又一城店）
20:45	摔跤手苏丹	170	阿里・阿巴斯・萨法尔	动作片	2017/6/23	05厅	SFC上影影城（百联又一城店）
18:30	将我唤醒	98	纪尧姆・普罗岑科	剧情片	2017/6/23	Luxe厅	上海百老汇影城（宝龙店）
20:45	尘土	125	米尔科・曼彻夫斯基	剧情片	2017/6/23	Luxe厅	上海百老汇影城（宝龙店）
18:30	秘密决定	96	奥利维尔・阿塞林	剧情片	2017/6/23	06厅	青浦大光明新国际影院
20:45	疟疾	90	帕维兹・沙巴兹	剧情片	2017/6/23	06厅	青浦大光明新国际影院
18:30	大索尼娅	94	莉亚・沃肖斯基	纪录片	2017/6/23	02厅	国泰电影院
20:45	监狱之花	109	克劳迪欧・吉瓦内斯	剧情片	2017/6/23	02厅	国泰电影院
18:30	美女与野兽 （3D）	92	柯克・维斯#加里・特洛斯达勒	动画片	2017/6/23	04厅	AMG海上明珠国际影城（莘庄店）
20:45	周末	104	让-吕克?戈达尔	剧情片	2017/6/23	04厅	AMG海上明珠国际影城（莘庄店）
18:30	流浪猫鲍勃	103	罗杰・斯波蒂斯伍德	剧情片	2017/6/23	01厅	上海UME新天地国际影城
20:45	中国轮盘	96	赖纳・维尔纳・法斯宾德	剧情片	2017/6/23	01厅	上海UME新天地国际影城
18:30	我是马布里	90	杨子	剧情片	2017/6/23	03厅	嘉定影剧院
18:30	偷车贼	103	达伦・柯蒂斯	剧情片	2017/6/23	05厅	华士达影城（徐汇店）
20:45	居里夫人	100	玛丽・诺埃尔	剧情片	2017/6/23	05厅	华士达影城（徐汇店）
18:30	将来的事	101	米娅・汉森-洛夫	剧情片	2017/6/23	04厅	兰馨・悦立方影城
18:30	接吻吗？	77	雅尼斯・珂诺诗	剧情片	2017/6/23	05厅	SFC上影影城（南桥百联店）
20:45	疯狂之恋	90	迈克尔・罗塞尔	剧情片	2017/6/23	05厅	SFC上影影城（南桥百联店）
18:30	梅纳什	83	约书亚・温斯坦	剧情片	2017/6/23	04厅	SFC上影影城（喜玛拉雅店）
20:45	文森特与世界的尽头	122	克里斯托弗・范・罗姆帕伊	剧情片	2017/6/23	04厅	SFC上影影城（喜玛拉雅店）
18:30	哀苦心事	85	莫斯塔法・萨瓦尔・法罗齐	剧情片	2017/6/23	01厅	金逸影城上海虹口龙之梦IMAX店
20:45	假装者	102	瓦罗・图姆拉	剧情片	2017/6/23	01厅	金逸影城上海虹口龙之梦IMAX店
18:30	最后一站	72	卡罗尔・索尔特	纪录片	2017/6/23	01厅	SFC上影影城（美罗城店）
20:45	天道	98	佩特拉・比翁迪娜・沃・沃尔普	剧情片	2017/6/23	01厅	SFC上影影城（美罗城店）
10:30	天梯:蔡国强的艺术	74	凯文・麦克唐纳	纪录片	2017/6/24	01厅	大上海电影院
13:30	血浓于罪	100	亚当・史密斯	剧情片	2017/6/24	01厅	大上海电影院
15:45	持摄像机的人	102	基尔斯滕・约翰逊	纪录片	2017/6/24	01厅	大上海电影院
18:30	早安秀	104	君V良一	剧情片	2017/6/24	01厅	大上海电影院
20:45	残酷青春	103	瓦尔丹・托兹加	剧情片	2017/6/24	01厅	大上海电影院
9:00	勇敢的心	178	梅尔・吉布森	剧情片	2017/6/24	ATMOS厅	上海和平影都
13:30	阿尔及尔之战 （4K）	121	吉洛・彭特克沃	剧情片	2017/6/24	ATMOS厅	上海和平影都
15:45	愚行录	120	石川庆	剧情片	2017/6/24	ATMOS厅	上海和平影都
18:30	伴随贝多芬起舞	80	阿伦特克萨・阿圭雷	纪录片	2017/6/24	ATMOS厅	上海和平影都
20:45	昼颜	125	西谷弘	剧情片	2017/6/24	ATMOS厅	上海和平影都
9:00	盗火线 （4K）	170	迈克尔・曼	剧情片	2017/6/24	01厅	SFC上海影城
13:30	异形	116	雷德利・斯科特	剧情片	2017/6/24	01厅	SFC上海影城
15:45	异形2	138	詹姆斯・卡梅隆	剧情片	2017/6/24	01厅	SFC上海影城
18:30	黑夜传说5：血战 （4K）	91	安娜・福斯特	动作片	2017/6/24	01厅	SFC上海影城
20:45	暴雨将至	113	米尔科・曼彻夫斯基	剧情片	2017/6/24	01厅	SFC上海影城
8:30	伦敦一家人	95	罗杰・梅因伍德	动画片	2017/6/24	02厅	SFC上海影城
10:30	幻想曲 2000	74	皮克素特・亨特#保罗・布里齐	动画片	2017/6/24	02厅	SFC上海影城
13:30	布里斯比熊	98	戴夫・麦卡里	剧情片	2017/6/24	02厅	SFC上海影城
15:45	恶魔蛙男	132	大友启史	剧情片	2017/6/24	02厅	SFC上海影城
18:30	初恋这首情歌	106	约翰・卡尼	剧情片	2017/6/24	02厅	SFC上海影城
20:45	胡丽叶塔	99	佩德罗・阿莫多瓦	剧情片	2017/6/24	02厅	SFC上海影城
8:30	特写	99	阿巴斯・基亚罗斯塔米	剧情片	2017/6/24	03厅	SFC上海影城
10:30	随风而逝	118	阿巴斯・基亚罗斯塔米	剧情片	2017/6/24	03厅	SFC上海影城
13:30	恐惧吞噬灵魂	92	赖纳・维尔纳・法斯宾德	剧情片	2017/6/24	03厅	SFC上海影城
15:45	寂寞芳心	140	赖纳・维尔纳・法斯宾德	剧情片	2017/6/24	03厅	SFC上海影城
18:30	当保罗穿越大海	97	雅各布・普罗伊斯	纪录片	2017/6/24	03厅	SFC上海影城
20:45	流浪猫	129	Y英雄	剧情片	2017/6/24	03厅	SFC上海影城
9:00	大决战2：淮海战役	220	李俊#蔡继渭	剧情片	2017/6/24	07厅	SFC上海影城
18:30	贡嘎日噢	102	多吉彭措	剧情片	2017/6/24	07厅	SFC上海影城
10:30	德州之心	104	大卫・马克	剧情片	2017/6/24	06厅	上海百丽宫影城（环贸iapm店）
13:30	火车司机日记	88	米洛斯・拉多维奇	剧情片	2017/6/24	06厅	上海百丽宫影城（环贸iapm店）
15:45	人生密密缝	128	荻上直子	剧情片	2017/6/24	06厅	上海百丽宫影城（环贸iapm店）
18:30	本能寺酒店	119	铃木雅之	剧情片	2017/6/24	06厅	上海百丽宫影城（环贸iapm店）
20:45	四月三周两天	109	克里斯蒂安・蒙吉	剧情片	2017/6/24	06厅	上海百丽宫影城（环贸iapm店）
10:30	宝贵时光	87	达恩・巴克克	剧情片	2017/6/24	Luxe厅	上海百老汇影城（宝龙店）
13:30	险恶的运气	114	斯特凡・豪普	剧情片	2017/6/24	Luxe厅	上海百老汇影城（宝龙店）
15:45	怒火救援	146	托尼・斯科特	剧情片	2017/6/24	Luxe厅	上海百老汇影城（宝龙店）
18:30	幸福在西方	102	克里斯蒂安・蒙吉	剧情片	2017/6/24	Luxe厅	上海百老汇影城（宝龙店）
20:45	让娜・迪尔曼	202	香特尔・阿克曼	剧情片	2017/6/24	Luxe厅	上海百老汇影城（宝龙店）
8:30	东京偶像	88	三宅响子	纪录片	2017/6/24	01厅	上海大光明电影院
10:30	红圈	140	让-皮埃尔・梅尔维尔	剧情片	2017/6/24	01厅	上海大光明电影院
13:30	帝一之国	118	永井聪	剧情片	2017/6/24	01厅	上海大光明电影院
15:45	热情似火	122	比利・怀尔德	剧情片	2017/6/24	01厅	上海大光明电影院
18:30	家族之苦2	114	山田洋次	剧情片	2017/6/24	01厅	上海大光明电影院
20:45	猜火车2	118	丹尼・博伊尔	剧情片	2017/6/24	01厅	上海大光明电影院
15:45	风波再起	115	丹尼尔・迪马克	剧情片	2017/6/24	02厅	上海大光明电影院
18:30	筹款风波	93	莫斯塔法・塔吉扎德赫	剧情片	2017/6/24	02厅	上海大光明电影院
10:30	想飞的非洲人	70	萨曼莎・比福特	纪录片	2017/6/24	03厅	上海大光明电影院
18:30	律法之地	91	尤西・希尔图宁	剧情片	2017/6/24	03厅	上海大光明电影院
10:30	治疗	109	费利克斯・肆	剧情片	2017/6/24	03厅	星光映会影城（上海体育场店）
13:30	卡麦拉之情	81	伊利亚・乌契杰利	剧情片	2017/6/24	03厅	星光映会影城（上海体育场店）
20:45	同步	84	万田邦敏	剧情片	2017/6/24	03厅	星光映会影城（上海体育场店）
13:30	哀苦心事	85	莫斯塔法・萨瓦尔・法罗齐	剧情片	2017/6/24	07厅	SFC上影影城（永华店）
15:45	死亡报告	90	易卜拉欣・易卜拉希米安	剧情片	2017/6/24	07厅	SFC上影影城（永华店）
18:30	蓝	75	德里克・贾曼	剧情片	2017/6/24	07厅	SFC上影影城（永华店）
20:45	无法释怀	95	米格尔・安赫尔・罗卡	剧情片	2017/6/24	07厅	SFC上影影城（永华店）
15:45	神秘之旅	92	卡玛勒・班塞尔	动画片	2017/6/24	06厅	上影虹桥临空国际影城
20:45	失控的生活	103	纳维德・达内施	剧情片	2017/6/24	06厅	上影虹桥临空国际影城
15:45	另一个世界	87	弗洛里安・施内尔	剧情片	2017/6/24	07厅	上影虹桥临空国际影城
18:30	白雪女王 3	89	阿列克谢・特斯蒂斯林	动画片	2017/6/24	07厅	上影虹桥临空国际影城
20:45	监狱之花	109	克劳迪欧・吉瓦内斯	剧情片	2017/6/24	07厅	上影虹桥临空国际影城
13:30	自杀小队	123	大卫・阿耶	动作片	2017/6/24	01厅	SFC上影影城（新衡山店）
15:45	花战	127	筱原哲雄	剧情片	2017/6/24	01厅	SFC上影影城（新衡山店）
18:30	盗信情缘	110	萨布	剧情片	2017/6/24	01厅	SFC上影影城（新衡山店）
20:45	迷墙	95	艾伦・帕克	剧情片	2017/6/24	01厅	SFC上影影城（新衡山店）
13:30	双胞胎猴子	108	努塔昆・沙韦苏克	剧情片	2017/6/24	01厅	四平电影院
15:45	冷酷的心	120	约翰内斯・纳贝	剧情片	2017/6/24	01厅	四平电影院
18:30	爱情与友谊	90	惠特・斯蒂尔曼	剧情片	2017/6/24	01厅	四平电影院
20:45	可怕的战争	71	卢卡・米西#朱利亚・布拉柴耶	剧情片	2017/6/24	01厅	四平电影院
15:45	少年犯	101	米凯莱・桑托罗	纪录片	2017/6/24	01厅	光影车间・静安店
20:45	最后一站	72	卡罗尔・索尔特	纪录片	2017/6/24	01厅	光影车间・静安店
8:30	秘密特工（3D）	83	罗德里戈・艾巴#塞莉亚・卡通达#基戈・米斯特罗里戈	动画片	2017/6/24	02厅	SFC上影影城（八佰伴店）
10:30	哈吉布基的森林冒险	76	拉斯姆斯・A・西韦特	动画片	2017/6/24	02厅	SFC上影影城（八佰伴店）
13:30	克罗地亚宪法	94	莱柯・格尔利奇	剧情片	2017/6/24	02厅	SFC上影影城（八佰伴店）
15:45	天赐的礼物	145	查亚洛普・布恩帕拉科布#吉拉・马利戈尔#尼提瓦・塔拉顿#克朗克拉・瓦齐拉他蓬	剧情片	2017/6/24	02厅	SFC上影影城（八佰伴店）
18:30	亲吻与哭泣	94	肖恩・西斯特纳	剧情片	2017/6/24	02厅	SFC上影影城（八佰伴店）
20:45	私人采购员	105	奥利维耶・阿萨亚斯	剧情片	2017/6/24	02厅	SFC上影影城（八佰伴店）
13:30	博斯，梦幻花园	86	何塞・路易・洛佩-莱	纪录片	2017/6/24	01厅	上海百丽宫影城（ifc商场店）
15:45	22年的自白：我是杀人犯	117	入江悠	剧情片	2017/6/24	01厅	上海百丽宫影城（ifc商场店）
18:30	褐红	95	普尔克特	剧情片	2017/6/24	01厅	上海百丽宫影城（ifc商场店）
20:45	超级黑暗时代	98	凯文・菲利普斯	剧情片	2017/6/24	01厅	上海百丽宫影城（ifc商场店）
10:30	这个杀手不太冷 （4K）	132	吕克・贝松	剧情片	2017/6/24	观众厅	上海美琪大戏院
13:30	曼哈顿 （4K）	97	伍迪・艾伦	剧情片	2017/6/24	观众厅	上海美琪大戏院
15:45	藩篱	139	丹泽尔・华盛顿	剧情片	2017/6/24	观众厅	上海美琪大戏院
18:30	月光男孩	111	巴里・詹金斯	剧情片	2017/6/24	观众厅	上海美琪大戏院
20:45	追忆	99	降旗康男	剧情片	2017/6/24	观众厅	上海美琪大戏院
15:45	安娜・卡列尼娜与她的情人	138	卡伦・沙赫纳扎罗夫	剧情片	2017/6/24	05厅	保利国际影城上海世博店
18:30	在伟大的和可怕的世界	80	玛丽亚・格拉齐亚佩里亚#丹尼尔・马焦尼#劳拉・佩里尼	剧情片	2017/6/24	05厅	保利国际影城上海世博店
20:45	居里夫人	100	玛丽・诺埃尔	剧情片	2017/6/24	05厅	保利国际影城上海世博店
15:45	最后一节车厢	104	安德里亚斯・沙普	剧情片	2017/6/24	07厅	AMG海上国际影城环球港店
18:30	重访蓝丝绒	85	彼得・布拉茨	纪录片	2017/6/24	07厅	AMG海上国际影城环球港店
20:45	天道	98	佩特拉・比翁迪娜・沃・沃尔普	剧情片	2017/6/24	07厅	AMG海上国际影城环球港店
13:30	妈咪的盒子	89	约翰尼・格林洛	剧情片	2017/6/24	01厅	上海市沪北电影院
15:45	还我河山	130	颂乩・维拉曼	剧情片	2017/6/24	01厅	上海市沪北电影院
18:30	疯癫之翼	106	罗伯特・穆兰	剧情片	2017/6/24	01厅	上海市沪北电影院
20:45	会计刺客	128	加文・欧康诺	动作片	2017/6/24	01厅	上海市沪北电影院
18:30	美女与野兽 （3D）	92	柯克・维斯#加里・特洛斯达勒	动画片	2017/6/24	06厅	上海世纪友谊影城
20:45	普通人	141	爱德华多・W・罗伊	剧情片	2017/6/24	06厅	上海世纪友谊影城
15:45	警察和我	125	广木隆一	剧情片	2017/6/24	01厅	曹杨影城
18:30	妈咪的盒子	89	约翰尼・格林洛	剧情片	2017/6/24	01厅	曹杨影城
20:45	夜色人生 （4K）	129	本・阿弗莱克	剧情片	2017/6/24	01厅	曹杨影城
13:30	莫逆之交	91	克谢尼娅・巴斯卡科夫	剧情片	2017/6/24	01厅	百美汇影城
15:45	女人的一生	120	史蒂芬・布塞	剧情片	2017/6/24	01厅	百美汇影城
18:30	佛罗伦萨与乌菲兹美术馆 （3D）	91	卢卡・维奥托	纪录片	2017/6/24	01厅	百美汇影城
20:45	生在幼子	128	三岛有纪子	剧情片	2017/6/24	01厅	百美汇影城
13:30	疟疾	90	帕维兹・沙巴兹	剧情片	2017/6/24	10厅	上海宝山万达影城
15:45	天赐的礼物	145	查亚洛普・布恩帕拉科布#吉拉・马利戈尔#尼提瓦・塔拉顿#克朗克拉・瓦齐拉他蓬	剧情片	2017/6/24	10厅	上海宝山万达影城
18:30	时空旅行	93	海登・J・威尔	剧情片	2017/6/24	10厅	上海宝山万达影城
20:45	魔鬼时光	115	莱纳・萨尼特	剧情片	2017/6/24	10厅	上海宝山万达影城
15:45	真田十勇士	134	堤幸彦	剧情片	2017/6/24	06厅	上海兰生典尚影院
18:30	狮子王 （3D）	89	罗杰・阿勒斯#罗伯・明科夫	动画片	2017/6/24	06厅	上海兰生典尚影院
13:30	小学生	106	埃莱娜・安吉尔	剧情片	2017/6/24	02厅	SFC上影影城（金桥太茂店）
15:45	从曼谷到曼德勒	122	察拆・盖纳斯	剧情片	2017/6/24	02厅	SFC上影影城（金桥太茂店）
18:30	依依惜别	78	纳维・马哈茂迪	剧情片	2017/6/24	02厅	SFC上影影城（金桥太茂店）
20:45	鬼屋惊魂	113	迈克尔・梅尔斯基	剧情片	2017/6/24	02厅	SFC上影影城（金桥太茂店）
18:30	希望之光	101	西尔维娅・盖尔	剧情片	2017/6/24	02厅	上海开元地中海影城
20:45	墙里的声音	95	艾瑞克・D・豪威尔	剧情片	2017/6/24	02厅	上海开元地中海影城
15:45	小学生	106	埃莱娜・安吉尔	剧情片	2017/6/24	07厅	卢米埃上海紫荆影城
18:30	秘密决定	96	奥利维尔・阿塞林	剧情片	2017/6/24	07厅	卢米埃上海紫荆影城
13:30	完全陌生	92	乔舒华・雅各布・玛斯	剧情片	2017/6/24	01厅	上海百丽宫影城（协信店）
15:45	曼哈顿 （4K）	97	伍迪・艾伦	剧情片	2017/6/24	01厅	上海百丽宫影城（协信店）
18:30	空白的13年	71	斋藤工	剧情片	2017/6/24	01厅	上海百丽宫影城（协信店）
20:45	毕业会考	128	克里斯蒂安・蒙吉	剧情片	2017/6/24	01厅	上海百丽宫影城（协信店）
13:30	第二个夏天，不再遇到你	107	中西健二	剧情片	2017/6/24	01厅	上海星光影城（亚新旗舰店）
15:45	父亲与伊藤先生	119	棚田由纪	剧情片	2017/6/24	01厅	上海星光影城（亚新旗舰店）
18:30	午睡公主	112	神山健治	动画片	2017/6/24	01厅	上海星光影城（亚新旗舰店）
20:45	贝拉的奇幻花园	93	西蒙・阿布德	剧情片	2017/6/24	01厅	上海星光影城（亚新旗舰店）
10:30	3月的狮子 后篇	140	大友启史	剧情片	2017/6/24	剧院厅	天山电影院-虹桥艺术中心旗舰店
13:30	弗兰兹	111	弗朗索瓦・欧容	剧情片	2017/6/24	剧院厅	天山电影院-虹桥艺术中心旗舰店
15:45	残菊物语	144	沟口健二	剧情片	2017/6/24	剧院厅	天山电影院-虹桥艺术中心旗舰店
18:30	警察和我	125	广木隆一	剧情片	2017/6/24	剧院厅	天山电影院-虹桥艺术中心旗舰店
20:45	宣告黎明的露之歌	112	汤浅政明	动画片	2017/6/24	剧院厅	天山电影院-虹桥艺术中心旗舰店
10:30	赫马・赫马：我等待你为我唱的那首歌	96	钦哲诺布	剧情片	2017/6/24	04厅	天山电影院-虹桥艺术中心旗舰店
13:30	将我唤醒	98	纪尧姆・普罗岑科	剧情片	2017/6/24	04厅	天山电影院-虹桥艺术中心旗舰店
15:45	芭蕾芭蕾	121	安娜・马提森	剧情片	2017/6/24	04厅	天山电影院-虹桥艺术中心旗舰店
20:45	悍女	149	马丁・库尔霍文	剧情片	2017/6/24	04厅	天山电影院-虹桥艺术中心旗舰店
13:30	奇怪的袜子精灵	86	加利纳・米克利诺瓦	动画片	2017/6/24	02厅	朵云轩杜比全景声影城
15:45	一位著名的病人	101	朱利斯・舍夫契克	剧情片	2017/6/24	02厅	朵云轩杜比全景声影城
18:30	那般良夜	92	埃里克・斯泰尔斯	剧情片	2017/6/24	02厅	朵云轩杜比全景声影城
20:45	最后的居民	83	吉文・阿维蒂西恩	剧情片	2017/6/24	02厅	朵云轩杜比全景声影城
18:30	正午	85	弗雷德・金尼曼	剧情片	2017/6/24	04厅	星美正大影城
20:45	犯罪行为	98	亚历山德罗・皮瓦	剧情片	2017/6/24	04厅	星美正大影城
13:30	猫忍	96	渡边武	剧情片	2017/6/24	05厅	SFC上影影城（百联又一城店）
15:45	三轮浮生	128	保罗・维拉拉纳	剧情片	2017/6/24	05厅	SFC上影影城（百联又一城店）
18:30	大创业家	116	约翰・李・汉考克	剧情片	2017/6/24	05厅	SFC上影影城（百联又一城店）
20:45	阿德尔曼夫妇	121	尼古拉斯・贝多斯	剧情片	2017/6/24	05厅	SFC上影影城（百联又一城店）
18:30	小鹿斑比	70	戴维・D・汉德	动画片	2017/6/24	06厅	青浦大光明新国际影院
20:45	声音猎人	89	丹尼兹・辛纳	剧情片	2017/6/24	06厅	青浦大光明新国际影院
13:30	小鸟总动员	84	托比・格恩柯尔#雷扎・梅马里	动画片	2017/6/24	02厅	国泰电影院
18:30	至爱梵高	95	多洛塔・科别拉#休・韦尔什曼	动画片	2017/6/24	02厅	国泰电影院
18:30	帕特森	118	吉姆・贾木许	剧情片	2017/6/24	04厅	AMG海上明珠国际影城（莘庄店）
20:45	假装者	102	瓦罗・图姆拉	剧情片	2017/6/24	04厅	AMG海上明珠国际影城（莘庄店）
13:30	三生计	99	弗里茨・朗	剧情片	2017/6/24	01厅	上海UME新天地国际影城
15:45	看不见的客人	106	奥利奥尔・保罗	剧情片	2017/6/24	01厅	上海UME新天地国际影城
18:30	潜伏者	127	布拉德・福尔曼	剧情片	2017/6/24	01厅	上海UME新天地国际影城
20:45	驱魔人	132	威廉・弗莱德金	剧情片	2017/6/24	01厅	上海UME新天地国际影城
15:45	西葫芦的生活	65	克劳德・巴拉斯	动画片	2017/6/24	03厅	嘉定影剧院
18:30	比海更深	118	是枝裕和	剧情片	2017/6/24	03厅	嘉定影剧院
13:30	拯救萨莉	94	艾维德・莱恩戈恩	动画片	2017/6/24	05厅	华士达影城（徐汇店）
15:45	乱莺	134	出海拓治	剧情片	2017/6/24	05厅	华士达影城（徐汇店）
18:30	战地情爱	107	胡安・卡洛斯・韦索洛斯基	剧情片	2017/6/24	05厅	华士达影城（徐汇店）
20:45	油墨滋味	80	摩根・西蒙	剧情片	2017/6/24	05厅	华士达影城（徐汇店）
15:45	我单纯的兄弟	114	马库斯・高勒	剧情片	2017/6/24	04厅	兰馨・悦立方影城
18:30	小美人鱼	83	罗恩・克莱蒙兹#约翰・马斯克	动画片	2017/6/24	04厅	兰馨・悦立方影城
18:30	两张彩票	85	保罗・内戈埃斯库	剧情片	2017/6/24	05厅	SFC上影影城（南桥百联店）
20:45	幸福	91	萨布	剧情片	2017/6/24	05厅	SFC上影影城（南桥百联店）
18:30	平衡	84	霍普・迪克森・利奇	剧情片	2017/6/24	04厅	SFC上影影城（喜玛拉雅店）
20:45	我罩袍下的口红	118	阿兰克里塔・什里瓦斯	剧情片	2017/6/24	04厅	SFC上影影城（喜玛拉雅店）
18:30	斯蒂芬的天堂	97	拉尔夫・胡特纳	剧情片	2017/6/24	01厅	金逸影城上海虹口龙之梦IMAX店
15:45	军中信	105	巴里斯・克勒姆谢利奥卢	剧情片	2017/6/24	01厅	SFC上影影城（美罗城店）
18:30	1000小时的夜晚	93	维吉尔・维德里希	剧情片	2017/6/24	01厅	SFC上影影城（美罗城店）
20:45	墓地情歌	141	廖忠权	剧情片	2017/6/24	01厅	SFC上影影城（美罗城店）
10:30	小鹿斑比	70	戴维・D・汉德	动画片	2017/6/25	07厅	SFC上影影城（永华店）
13:30	木屐树	186	埃曼诺・奥尔米	剧情片	2017/6/25	07厅	SFC上影影城（永华店）
18:30	筹款风波	93	莫斯塔法・塔吉扎德赫	剧情片	2017/6/25	07厅	SFC上影影城（永华店）
20:45	赌徒鲍伯	103	让-皮埃尔・梅尔维尔	剧情片	2017/6/25	07厅	SFC上影影城（永华店）
10:30	早安秀	104	君V良一	剧情片	2017/6/25	03厅	星光映会影城（上海体育场店）
13:30	战地情爱	107	胡安・卡洛斯・韦索洛斯基	剧情片	2017/6/25	03厅	星光映会影城（上海体育场店）
18:30	特写	99	阿巴斯・基亚罗斯塔米	剧情片	2017/6/25	03厅	星光映会影城（上海体育场店）
20:45	目击者之追凶	113	程伟豪	剧情片	2017/6/25	03厅	星光映会影城（上海体育场店）
10:30	第二个夏天，不再遇到你	107	中西健二	剧情片	2017/6/25	01厅	SFC上影影城（新衡山店）
13:30	阿拉丁	90	罗恩・克莱门兹#约翰・马斯克	动画片	2017/6/25	01厅	SFC上影影城（新衡山店）
15:45	藩篱	139	丹泽尔・华盛顿	剧情片	2017/6/25	01厅	SFC上影影城（新衡山店）
18:30	比海更深	118	是枝裕和	剧情片	2017/6/25	01厅	SFC上影影城（新衡山店）
20:45	流浪猫	129	Y英雄	剧情片	2017/6/25	01厅	SFC上影影城（新衡山店）
8:30	将军号 （4K）	80	克莱德・布鲁克曼#巴斯特・基顿	剧情片	2017/6/25	ATMOS厅	上海和平影都
10:30	春宵苦短，少女前进吧！	93	汤浅政明	动画片	2017/6/25	ATMOS厅	上海和平影都
13:30	雨月物语 （4K）	97	沟口健二	剧情片	2017/6/25	ATMOS厅	上海和平影都
15:45	残菊物语	144	沟口健二	剧情片	2017/6/25	ATMOS厅	上海和平影都
18:30	夜空总是最大密度的蓝色	108	石井裕也	剧情片	2017/6/25	ATMOS厅	上海和平影都
20:45	金刚狼3：殊死一战（黑白版）	123	詹姆斯・曼高德	剧情片	2017/6/25	ATMOS厅	上海和平影都
10:30	放牛班的春天	96	克里斯托夫・巴拉蒂	剧情片	2017/6/25	01厅	大上海电影院
13:30	最后的居民	83	吉文・阿维蒂西恩	剧情片	2017/6/25	01厅	大上海电影院
15:45	恶魔蛙男	132	大友启史	剧情片	2017/6/25	01厅	大上海电影院
18:30	最后安全	68	弗雷德・C. 纽梅耶#山姆・泰勒	剧情片	2017/6/25	01厅	大上海电影院
20:45	死亡笔记：点亮新世界	135	佐藤信介	剧情片	2017/6/25	01厅	大上海电影院
8:30	宣告黎明的露之歌	112	汤浅政明	动画片	2017/6/25	01厅	SFC上海影城
10:30	鼹鼠之歌2：香港狂骚曲	128	三池崇史	剧情片	2017/6/25	01厅	SFC上海影城
13:30	愚行录	120	石川庆	剧情片	2017/6/25	01厅	SFC上海影城
15:45	雌雄大盗	111	阿瑟・佩恩	剧情片	2017/6/25	01厅	SFC上海影城
18:30	佛罗伦萨与乌菲兹美术馆 （3D）	91	卢卡・维奥托	纪录片	2017/6/25	01厅	SFC上海影城
20:45	昼颜	125	西谷弘	剧情片	2017/6/25	01厅	SFC上海影城
8:30	樱桃的滋味	98	阿巴斯・基亚罗斯塔米	剧情片	2017/6/25	02厅	SFC上海影城
10:30	白雪公主和七个小矮人	83	戴维・D・汉德	动画片	2017/6/25	02厅	SFC上海影城
13:30	父亲与伊藤先生	119	棚田由纪	剧情片	2017/6/25	02厅	SFC上海影城
15:45	牛奶配送员的奇幻人生	126	埃米尔・库斯图里卡	剧情片	2017/6/25	02厅	SFC上海影城
18:30	穿普拉达的女王	110	大卫・弗兰科尔	剧情片	2017/6/25	02厅	SFC上海影城
20:45	硬核亨利	97	伊利亚・奈舒勒	动作片	2017/6/25	02厅	SFC上海影城
8:30	持摄像机的人	102	基尔斯滕・约翰逊	纪录片	2017/6/25	03厅	SFC上海影城
10:30	橄榄树下的情人	103	阿巴斯・基亚罗斯塔米	剧情片	2017/6/25	03厅	SFC上海影城
13:30	博斯，梦幻花园	86	何塞・路易・洛佩-莱	纪录片	2017/6/25	03厅	SFC上海影城
15:45	伴随贝多芬起舞	80	阿伦特克萨・阿圭雷	纪录片	2017/6/25	03厅	SFC上海影城
18:30	带我回家+与阿巴斯・基亚罗斯塔米的76分15秒	93	塞福拉・萨马第恩#阿巴斯・基亚罗斯塔米	剧情片	2017/6/25	03厅	SFC上海影城
20:45	宝拉	123	克利斯蒂安・施沃乔	剧情片	2017/6/25	03厅	SFC上海影城
9:00	大决战3：平津战役	218	韦廉#李俊	剧情片	2017/6/25	07厅	SFC上海影城
10:30	黑客帝国	137	拉娜・沃卓斯基#莉莉・沃卓斯基	剧情片	2017/6/25	剧院厅	天山电影院-虹桥艺术中心旗舰店
13:00	黑客帝国2：重装上阵	138	莉莉・沃卓斯基#拉娜・沃卓斯基	剧情片	2017/6/25	剧院厅	天山电影院-虹桥艺术中心旗舰店
15:45	黑客帝国3：矩阵革命	129	拉娜・沃卓斯基#莉莉・沃卓斯基	剧情片	2017/6/25	剧院厅	天山电影院-虹桥艺术中心旗舰店
18:30	空白的13年	71	斋藤工	剧情片	2017/6/25	剧院厅	天山电影院-虹桥艺术中心旗舰店
20:45	A山节考	131	今村昌平	剧情片	2017/6/25	剧院厅	天山电影院-虹桥艺术中心旗舰店
10:30	午夜开放	97	埃德瓦・贝耶	剧情片	2017/6/25	04厅	天山电影院-虹桥艺术中心旗舰店
13:30	女人的一生	120	史蒂芬・布塞	剧情片	2017/6/25	04厅	天山电影院-虹桥艺术中心旗舰店
15:45	夜色人生 （4K）	129	本・阿弗莱克	剧情片	2017/6/25	04厅	天山电影院-虹桥艺术中心旗舰店
20:45	爱比死更冷	89	赖纳・维尔纳・法斯宾德	剧情片	2017/6/25	04厅	天山电影院-虹桥艺术中心旗舰店
8:30	幻想曲 2000	74	皮克素特・亨特#保罗・布里齐	动画片	2017/6/25	01厅	上海大光明电影院
10:30	忍之国	125	中村义洋	动作片	2017/6/25	01厅	上海大光明电影院
13:30	死侍	108	提姆・米勒	剧情片	2017/6/25	01厅	上海大光明电影院
15:45	这个杀手不太冷 （4K）	132	吕克・贝松	剧情片	2017/6/25	01厅	上海大光明电影院
18:30	22年的自白：我是杀人犯	117	入江悠	剧情片	2017/6/25	01厅	上海大光明电影院
20:45	她	131	保罗・范霍文	剧情片	2017/6/25	01厅	上海大光明电影院
9:00	摔跤手苏丹	170	阿里・阿巴斯・萨法尔	动作片	2017/6/25	03厅	上海大光明电影院
13:30	佛朗哥的遗产―西班牙的失窃儿童	70	因加・布雷默	纪录片	2017/6/25	03厅	上海大光明电影院
18:30	阿里，山羊与阿伯拉希姆	90	谢里夫・阿尔・本达里	剧情片	2017/6/25	03厅	上海大光明电影院
20:45	盗信情缘	110	萨布	剧情片	2017/6/25	03厅	上海大光明电影院
15:45	铁锈骑士2	87	马库斯・哈曼#托马斯・博登施泰因	动画片	2017/6/25	06厅	上影虹桥临空国际影城
18:30	疯狂之恋	90	迈克尔・罗塞尔	剧情片	2017/6/25	06厅	上影虹桥临空国际影城
20:45	褐红	95	普尔克特	剧情片	2017/6/25	06厅	上影虹桥临空国际影城
15:45	奇怪的袜子精灵	86	加利纳・米克利诺瓦	动画片	2017/6/25	07厅	上影虹桥临空国际影城
18:30	好时光	102	本・萨弗迪#约书亚・萨弗迪	剧情片	2017/6/25	07厅	上影虹桥临空国际影城
20:45	八月的雾	127	凯伊・威索	剧情片	2017/6/25	07厅	上影虹桥临空国际影城
13:30	两张彩票	85	保罗・内戈埃斯库	剧情片	2017/6/25	01厅	四平电影院
15:45	雪峰神爸	150	阿贾耶・德乌干	动作片	2017/6/25	01厅	四平电影院
18:30	伤痕累累的恶魔	98	山岸圣太	剧情片	2017/6/25	01厅	四平电影院
20:45	曼谷之夜	183	富田克也	剧情片	2017/6/25	01厅	四平电影院
13:30	“感恩而死”的漫长旅程	242	埃米尔・巴尔-列维	纪录片	2017/6/25	01厅	光影车间・静安店
15:45	“感恩而死”的漫长旅程	242	埃米尔・巴尔-列维	纪录片	2017/6/25	01厅	光影车间・静安店
18:30	死亡的体验	88	拉娜・威尔逊	纪录片	2017/6/25	01厅	光影车间・静安店
20:45	摇摇晃晃的人间	89	范俭	纪录片	2017/6/25	01厅	光影车间・静安店
8:30	狮子王 （3D）	89	罗杰・阿勒斯#罗伯・明科夫	动画片	2017/6/25	02厅	SFC上影影城（八佰伴店）
10:30	百日孤独	96	克里斯蒂安・帕斯夸列	剧情片	2017/6/25	02厅	SFC上影影城（八佰伴店）
13:30	东京风之交响乐团	75	坂下雄一郎	剧情片	2017/6/25	02厅	SFC上影影城（八佰伴店）
15:45	翩翩人生波丽娜	112	昂热兰・普雷罗卡#瓦莱丽・穆勒	剧情片	2017/6/25	02厅	SFC上影影城（八佰伴店）
18:30	世界顶级牌术师	86	卢克・科勒姆	纪录片	2017/6/25	02厅	SFC上影影城（八佰伴店）
20:45	波兰当代经典动画合集	106		动画片	2017/6/25	02厅	SFC上影影城（八佰伴店）
18:30	完美陌生人	97	保罗・格诺维瑟	剧情片	2017/6/25	01厅	环球国际影城（崇明店）
13:30	艾娃	89	萨宾・纳拉斯	剧情片	2017/6/25	01厅	上海百丽宫影城（ifc商场店）
15:45	国王的选择	133	埃里克・普派	剧情片	2017/6/25	01厅	上海百丽宫影城（ifc商场店）
18:30	哀苦心事	85	莫斯塔法・萨瓦尔・法罗齐	剧情片	2017/6/25	01厅	上海百丽宫影城（ifc商场店）
20:45	伟大的梦想	103	米歇尔・万努奇	剧情片	2017/6/25	01厅	上海百丽宫影城（ifc商场店）
10:30	海边的生与死	154	越川道夫	剧情片	2017/6/25	观众厅	上海美琪大戏院
13:30	奇迹，那天如此重要	111	兼重淳	剧情片	2017/6/25	观众厅	上海美琪大戏院
15:45	人生密密缝	128	荻上直子	剧情片	2017/6/25	观众厅	上海美琪大戏院
18:30	东京流浪汉	83	铃木清顺	剧情片	2017/6/25	观众厅	上海美琪大戏院
20:45	3月的狮子 前篇	138	大友启史	剧情片	2017/6/25	观众厅	上海美琪大戏院
15:45	跑调天后	111	斯蒂芬・弗雷斯	剧情片	2017/6/25	05厅	保利国际影城上海世博店
18:30	瑞士军刀男	97	丹・关#丹尼尔・施纳特	剧情片	2017/6/25	05厅	保利国际影城上海世博店
20:45	普通人	141	爱德华多・W・罗伊	剧情片	2017/6/25	05厅	保利国际影城上海世博店
15:45	突然20岁	130	阿利亚・西瑞汗	剧情片	2017/6/25	07厅	AMG海上国际影城环球港店
18:30	契克	94	法提赫・阿金	剧情片	2017/6/25	07厅	AMG海上国际影城环球港店
20:45	从曼谷到曼德勒	122	察拆・盖纳斯	剧情片	2017/6/25	07厅	AMG海上国际影城环球港店
13:30	猫忍	96	渡边武	剧情片	2017/6/25	01厅	上海市沪北电影院
15:45	人质们	103	列佐・吉吉涅什维利	剧情片	2017/6/25	01厅	上海市沪北电影院
18:30	爱，别，夏威夷	93	松村真吾	剧情片	2017/6/25	01厅	上海市沪北电影院
20:45	自杀小队	123	大卫・阿耶	动作片	2017/6/25	01厅	上海市沪北电影院
18:30	一袋弹子	110	克里斯蒂安・迪盖	剧情片	2017/6/25	06厅	上海世纪友谊影城
20:45	周末夜狂热（4K）	119	约翰・班德汉姆	剧情片	2017/6/25	06厅	上海世纪友谊影城
15:45	西北偏北（4K）	137	阿尔弗雷德・希区柯克	剧情片	2017/6/25	01厅	曹杨影城
20:45	黑夜传说5：血战 （4K）	91	安娜・福斯特	动作片	2017/6/25	01厅	曹杨影城
13:30	勇敢的心	178	梅尔・吉布森	剧情片	2017/6/25	01厅	百美汇影城
18:30	亲吻与哭泣	94	肖恩・西斯特纳	剧情片	2017/6/25	01厅	百美汇影城
20:45	让娜・迪尔曼	202	香特尔・阿克曼	剧情片	2017/6/25	01厅	百美汇影城
13:30	爱情与友谊	90	惠特・斯蒂尔曼	剧情片	2017/6/25	10厅	上海宝山万达影城
15:45	怒火救援	146	托尼・斯科特	剧情片	2017/6/25	10厅	上海宝山万达影城
18:30	我是布莱克	100	肯・洛奇	剧情片	2017/6/25	10厅	上海宝山万达影城
20:45	红圈	140	让-皮埃尔・梅尔维尔	剧情片	2017/6/25	10厅	上海宝山万达影城
15:45	我父亲的踪迹	92	马可・塞加托	剧情片	2017/6/25	06厅	上海兰生典尚影院
18:30	赴汤蹈火	102	大卫・马肯兹	剧情片	2017/6/25	06厅	上海兰生典尚影院
13:30	小飞象	64	宾・沙普斯坦#宾・沙普斯坦	动画片	2017/6/25	02厅	SFC上影影城（金桥太茂店）
15:45	风波再起	115	丹尼尔・迪马克	剧情片	2017/6/25	02厅	SFC上影影城（金桥太茂店）
18:30	英雄复英雄	122	宾・邦劳赖特#谭力・截禄冠	动作片	2017/6/25	02厅	SFC上影影城（金桥太茂店）
20:45	母亲的手	106	弗罗里安・伊辛格	剧情片	2017/6/25	02厅	SFC上影影城（金桥太茂店）
13:30	周日皇后	95	贝比・茹丝・维拉拉玛	纪录片	2017/6/25	02厅	上海开元地中海影城
15:45	加利和拉特纳	112	卢奇・库斯旺帝	剧情片	2017/6/25	02厅	上海开元地中海影城
18:30	当保罗穿越大海	97	雅各布・普罗伊斯	纪录片	2017/6/25	02厅	上海开元地中海影城
20:45	最后的居民	83	吉文・阿维蒂西恩	剧情片	2017/6/25	02厅	上海开元地中海影城
15:45	乱莺	134	出海拓治	剧情片	2017/6/25	07厅	卢米埃上海紫荆影城
18:30	无法释怀	95	米格尔・安赫尔・罗卡	剧情片	2017/6/25	07厅	卢米埃上海紫荆影城
13:30	克罗地亚宪法	94	莱柯・格尔利奇	剧情片	2017/6/25	01厅	上海百丽宫影城（协信店）
15:45	潜伏者	127	布拉德・福尔曼	剧情片	2017/6/25	01厅	上海百丽宫影城（协信店）
18:30	普罗米修斯	123	雷德利・斯科特	剧情片	2017/6/25	01厅	上海百丽宫影城（协信店）
20:45	沉默 （4K）	161	马丁・斯科塞斯	剧情片	2017/6/25	01厅	上海百丽宫影城（协信店）
13:30	维洛妮卡?佛斯	104	赖纳・维尔纳・法斯宾德	剧情片	2017/6/25	01厅	上海星光影城（亚新旗舰店）
15:45	滚烫的爱	126	中野量太	剧情片	2017/6/25	01厅	上海星光影城（亚新旗舰店）
18:30	布里斯比熊	98	戴夫・麦卡里	剧情片	2017/6/25	01厅	上海星光影城（亚新旗舰店）
20:45	驾驶	102	萨布	剧情片	2017/6/25	01厅	上海星光影城（亚新旗舰店）
13:30	完全陌生	92	乔舒华・雅各布・玛斯	剧情片	2017/6/25	06厅	上海百丽宫影城（环贸iapm店）
15:45	还我河山	130	颂乩・维拉曼	剧情片	2017/6/25	06厅	上海百丽宫影城（环贸iapm店）
18:30	至爱梵高	95	多洛塔・科别拉#休・韦尔什曼	动画片	2017/6/25	06厅	上海百丽宫影城（环贸iapm店）
20:45	我是杀人犯	112	马赛・皮耶普莱兹卡	剧情片	2017/6/25	06厅	上海百丽宫影城（环贸iapm店）
13:30	最后一节车厢	104	安德里亚斯・沙普	剧情片	2017/6/25	02厅	朵云轩杜比全景声影城
15:45	相爱一天	136	班庄・比辛达拿刚	剧情片	2017/6/25	02厅	朵云轩杜比全景声影城
18:30	婚事	95	斯蒂芬・斯特雷克	剧情片	2017/6/25	02厅	朵云轩杜比全景声影城
20:45	爆头	119	奇摩・斯丹波尔#提莫・塔哈亚托	剧情片	2017/6/25	02厅	朵云轩杜比全景声影城
18:30	文森特与世界的尽头	122	克里斯托弗・范・罗姆帕伊	剧情片	2017/6/25	04厅	星美正大影城
20:45	狂鼠	103	乔瑟夫・哈德	剧情片	2017/6/25	04厅	星美正大影城
13:30	狗与愚		阿里・穆罕默德・加西米	剧情片	2017/6/25	05厅	SFC上影影城（百联又一城店）
15:45	燕子号与亚马逊号	98	菲莉帕・洛索普	剧情片	2017/6/25	05厅	SFC上影影城（百联又一城店）
18:30	人质们	103	列佐・吉吉涅什维利	剧情片	2017/6/25	05厅	SFC上影影城（百联又一城店）
20:45	魔鬼时光	115	莱纳・萨尼特	剧情片	2017/6/25	05厅	SFC上影影城（百联又一城店）
13:30	移民	99	阿曼・T・里亚希	剧情片	2017/6/25	Luxe厅	上海百老汇影城（宝龙店）
15:45	三轮浮生	128	保罗・维拉拉纳	剧情片	2017/6/25	Luxe厅	上海百老汇影城（宝龙店）
18:30	异形	116	雷德利・斯科特	剧情片	2017/6/25	Luxe厅	上海百老汇影城（宝龙店）
20:45	异形2	138	詹姆斯・卡梅隆	剧情片	2017/6/25	Luxe厅	上海百老汇影城（宝龙店）
18:30	胡说小镇	82	维特・荷默	剧情片	2017/6/25	06厅	青浦大光明新国际影院
20:45	在伟大的和可怕的世界	80	玛丽亚・格拉齐亚佩里亚#丹尼尔・马焦尼#劳拉・佩里尼	剧情片	2017/6/25	06厅	青浦大光明新国际影院
13:30	宝贵时光	87	达恩・巴克克	剧情片	2017/6/25	02厅	国泰电影院
15:45	生存家族	117	矢口史靖	剧情片	2017/6/25	02厅	国泰电影院
18:30	“感恩而死”的漫长旅程	242	埃米尔・巴尔-列维	纪录片	2017/6/25	02厅	国泰电影院
13:30	大黎明	100	让-皮埃尔・梅尔维尔	剧情片	2017/6/25	01厅	上海UME新天地国际影城
15:45	午睡公主	112	神山健治	动画片	2017/6/25	01厅	上海UME新天地国际影城
18:30	赫马・赫马：我等待你为我唱的那首歌	96	钦哲诺布	剧情片	2017/6/25	01厅	上海UME新天地国际影城
20:45	低俗小说	154	昆汀・塔伦蒂诺	剧情片	2017/6/25	01厅	上海UME新天地国际影城
18:30	将来的事	101	米娅・汉森-洛夫	剧情片	2017/6/25	04厅	AMG海上明珠国际影城（莘庄店）
20:45	花战	127	筱原哲雄	剧情片	2017/6/25	04厅	AMG海上明珠国际影城（莘庄店）
15:45	鼹鼠之歌2：香港狂骚曲	128	三池崇史	剧情片	2017/6/25	03厅	嘉定影剧院
18:30	警察故事	101	陈志华#成龙	剧情片	2017/6/25	03厅	嘉定影剧院
13:30	放逐	101	戴维斯・西曼尼斯	剧情片	2017/6/25	05厅	华士达影城（徐汇店）
15:45	天赐的礼物	145	查亚洛普・布恩帕拉科布#吉拉・马利戈尔#尼提瓦・塔拉顿#克朗克拉・瓦齐拉他蓬	剧情片	2017/6/25	05厅	华士达影城（徐汇店）
18:30	黎明之前	106	玛丽亚・ 施拉德	剧情片	2017/6/25	05厅	华士达影城（徐汇店）
20:45	隐藏人物	127	特奥多尔・梅尔菲	剧情片	2017/6/25	05厅	华士达影城（徐汇店）
15:45	伤心先生	129	伊缇萨・厄桑通瓦塔纳	剧情片	2017/6/25	04厅	兰馨・悦立方影城
18:30	贝拉的奇幻花园	93	西蒙・阿布德	剧情片	2017/6/25	04厅	兰馨・悦立方影城
18:30	赫马・赫马：我等待你为我唱的那首歌	96	钦哲诺布	剧情片	2017/6/25	02厅	上岸影城（金山店）
18:30	追梦	104	萨米特・卡卡德	剧情片	2017/6/25	05厅	SFC上影影城（南桥百联店）
20:45	芭蕾芭蕾	121	安娜・马提森	剧情片	2017/6/25	05厅	SFC上影影城（南桥百联店）
18:30	偷车贼	103	达伦・柯蒂斯	剧情片	2017/6/25	04厅	SFC上影影城（喜玛拉雅店）
20:45	二十世纪女人	119	迈克・米尔斯	剧情片	2017/6/25	04厅	SFC上影影城（喜玛拉雅店）
18:30	梅纳什	83	约书亚・温斯坦	剧情片	2017/6/25	01厅	金逸影城上海虹口龙之梦IMAX店
20:45	雪女	97	杉野希妃	剧情片	2017/6/25	01厅	金逸影城上海虹口龙之梦IMAX店
15:45	嫌疑犯	100	斯库特・科克尔	剧情片	2017/6/25	01厅	SFC上影影城（美罗城店）
18:30	我的珍宝	90	帕斯卡尔・布迪亚尔	剧情片	2017/6/25	01厅	SFC上影影城（美罗城店）
20:45	各有少年时	117	理查德・林克莱特	剧情片	2017/6/25	01厅	SFC上影影城（美罗城店）
20:45	3月的狮子 后篇	140	大友启史	剧情片	2017/6/26	观众厅	上海美琪大戏院
18:30	金爵奖最佳影片			剧情片	2017/6/26	02厅	SFC上海影城
20:45	金爵奖最佳导演影片			剧情片	2017/6/26	02厅	SFC上海影城
22:45	金爵奖评委会大奖影片			剧情片	2017/6/26	02厅	SFC上海影城
18:30	金爵奖最佳动画片			动画片	2017/6/26	03厅	SFC上海影城
20:45	金爵奖最佳纪录片			纪录片	2017/6/26	03厅	SFC上海影城
